borrower_id,y_true,p_pred_raw,p_pred_calibrated,occupation_type,city_tier
a40159d7-3e51-19ff-2b2c-c5b4ca2df354,0,2.5047176007496212e-05,1.6563641566801369e-06,freelance_digital,tier_1
1bb57820-794c-d042-7b22-ef2cf4390ec2,0,0.019971167887499627,0.0025205768790835673,gig_delivery,tier_3
e6bf9880-113f-7438-3079-d6978cdd000c,0,0.2819159341508627,0.06037595516111222,gig_rideshare,tier_2
0bc6520a-d367-4133-c7a6-73af6e99f6af,0,0.005224344018321175,0.0005731181384781262,small_trader,tier_3
cdbce895-eb9d-e147-91a1-a4a901e78ba7,0,0.002778265779183728,0.000286558946734259,small_trader,tier_2
dbe9acf5-e2cf-9f01-3e29-5ec53524c643,1,0.9974195149922324,0.9917877788127877,daily_wage_labor,tier_2
23117063-64ca-b655-5661-e355eb8c41ba,0,0.0016527411406763101,0.00016218138093911422,freelance_digital,tier_3
3651228f-65fb-ffc3-6276-b86e5ec9e7f5,1,0.9647981632083129,0.869805201124701,daily_wage_labor,tier_1
0a46e092-9e2e-5199-a370-8280804d1d99,0,8.692527162429842e-07,4.888312859958913e-08,gig_rideshare,tier_2
f5f2950f-ffc7-5f75-98fd-04f87121f015,0,0.4891999457876615,0.1456101340243111,gig_rideshare,tier_3
a5e58056-4636-a8bc-e641-53e55df5158b,0,3.3659964516067116e-07,4.888312859958913e-08,small_trader,tier_3
f2b6da39-baaa-0576-fbaa-871b0f097770,0,0.3630054300135986,0.08808093872443319,daily_wage_labor,tier_3
e00373e3-bd86-c495-5f2d-061301185de6,0,0.10761789417907162,0.017362055242655727,gig_delivery,tier_2
4e8746f7-8f77-59a3-0580-718b1fdb5091,0,0.0005650755667206296,5.008482680456658e-05,small_trader,tier_2
9a4e5615-55e3-fa73-4ef7-5c36dd8c2fec,0,0.6168431872690193,0.23123496707589494,daily_wage_labor,tier_2
d0ef6214-4ee6-1f78-9723-3253b057815a,0,0.04129407909612917,0.005697004744384331,gig_rideshare,tier_2
5cb1844e-1711-e628-e735-3f77a5c3f284,0,0.06607507984120008,0.009763596675939727,informal_retail,tier_2
e9f2b90b-3a56-d613-c008-6d9c2325d075,0,0.04988396809966961,0.0070647581505050155,informal_retail,tier_1
f4a00548-fc00-6416-18fd-cc6ac3933f49,0,0.015741503952792692,0.0019348851279677253,gig_delivery,tier_1
c69cf696-c84e-422b-5e0f-be244f4217b0,0,0.27636029652951505,0.058685219612981544,gig_delivery,tier_2
60713792-3c03-fafb-eb23-c0bccb142b22,0,0.006714083772581786,0.0007551857414981144,freelance_digital,tier_1
ddf53dd1-98d7-2ab3-bfbe-304d5a138b95,0,6.775407690580886e-05,4.919227119025322e-06,gig_rideshare,tier_1
4dcf5177-cedd-1d9f-2895-42a2518b019a,0,0.8162692955857082,0.4772620862920895,daily_wage_labor,tier_1
fb6dc5e6-4adf-f915-0b6a-817e5b3fa979,0,0.16974700018956285,0.030515111594443853,gig_delivery,tier_3
73250d3b-c914-1d4d-1a21-f67f9ad34b22,0,0.14571972726442006,0.025168021443189897,gig_delivery,tier_3
dd1ae5f9-1d9d-1d97-0596-575a733fb435,0,0.12235917739334978,0.02028626352175742,freelance_digital,tier_2
edafa6fb-19be-1fc1-6fc1-a0caab55ada5,0,0.6400686908853666,0.251143066720811,gig_delivery,tier_3
4875b443-487f-bb67-ae54-80105a6fb775,0,0.9905649404838944,0.9666976588096415,daily_wage_labor,tier_3
77ca4339-eb8d-3104-b83f-4cd69105b919,0,0.002280074020626265,0.0002307407435313041,gig_rideshare,tier_1
147490b9-d23a-219a-d851-53c4b5190961,1,0.4270490616715232,0.11469370915857281,daily_wage_labor,tier_1
93414535-e340-365f-b388-bdc1fd08c96f,0,0.012139607945510016,0.0014511168718202429,gig_delivery,tier_1
757e7a44-fc55-c61c-f5d4-07675b7b0ac8,0,0.000433044574560557,3.743106599213218e-05,freelance_digital,tier_1
b32c79be-976d-65d9-bb11-0453debf4f9e,0,0.0012791842385650222,0.00012249816931302526,informal_retail,tier_2
c30af9cf-4a9a-41d3-687d-b4df6ed9ea5e,1,0.9411244576926671,0.7874266409200321,daily_wage_labor,tier_1
4b87cc3e-9440-70a1-eacb-33b8f56f0e02,0,0.027922513545132553,0.00366502950200029,gig_rideshare,tier_3
b17264c3-545a-48a4-b8ab-c5a12d68108f,1,0.9561689607297172,0.8388366521293366,gig_delivery,tier_2
d7232524-f57a-3bda-609f-c4906069f4dc,1,0.6908801536880503,0.3010072646490575,daily_wage_labor,tier_1
2f7d9dba-51d7-916a-5131-dff4581c29e1,0,0.1652616006026782,0.029491214999347256,gig_rideshare,tier_3
4fecd90a-d81c-b02a-b42f-21f807665038,0,0.0625267065079979,0.009159089100863814,gig_rideshare,tier_3
a2719309-df92-5e66-48d8-56ca4261bfce,0,0.020805558811717948,0.0026381348118659923,informal_retail,tier_3
4a784474-86dd-9352-e418-7037556a6da2,0,0.19202323189001702,0.035780408908433425,small_trader,tier_3
e739783f-59b9-f4da-3464-8d7c044b12ce,0,0.42548818773669533,0.11398676405515472,gig_delivery,tier_3
7a1296bc-3db3-e62a-60c8-7844014bab26,0,0.15898804986708848,0.02807908660968232,freelance_digital,tier_2
4c63a196-bb0f-5d71-ab55-612c5bcf4ede,0,0.00480580625897363,0.0005228755478056804,gig_rideshare,tier_3
ac31540c-f1c1-7957-ebf9-038eddc84c0a,0,0.3346071484065229,0.07769345856894926,gig_delivery,tier_1
6fe29730-f8ea-a592-72b8-6a170025a927,0,0.00012391369589225123,9.521442217037822e-06,small_trader,tier_2
69f11d86-3d90-05cf-5378-91ccd07bcf25,1,0.998089314832156,0.994079103589454,daily_wage_labor,tier_2
9759516c-976c-f39c-2150-de5996619c63,0,5.4849778378099866e-05,3.904108960393919e-06,gig_rideshare,tier_1
2e8a4031-820e-4577-5761-fdbeb9bb73fc,0,0.14646798065006103,0.02532948867873654,informal_retail,tier_1
1a41b60d-7899-abeb-142c-02317bf580cc,0,0.15390449783578716,0.026951718064349997,gig_delivery,tier_1
090457fc-9e91-728e-ff17-2334ab7ee636,0,0.00013793232173876815,1.0705882993294056e-05,small_trader,tier_1
f504ec9a-76f2-7f13-376a-7614d9b347df,1,0.7367281748202984,0.3551169599946255,gig_delivery,tier_1
77410bae-4ab4-bbc2-25fc-64302d7ffd2c,0,0.011608014472719122,0.0013810396702896566,small_trader,tier_2
d8b580f4-312d-c882-7a64-c851e6b560e5,0,0.9935674587730722,0.9779159732192144,daily_wage_labor,tier_3
f1ca125a-0054-5882-697e-7f0706b01ead,0,0.0022357956434544642,0.00022583407579502423,gig_delivery,tier_2
236a6395-e935-e8b1-d627-a8b80a5306a7,0,0.035497267616991804,0.004800850609406156,gig_delivery,tier_2
c304b928-f898-2544-2ae2-1c027d90eac9,0,0.004959433093716759,0.000541266983875643,small_trader,tier_1
0f54bf42-91a5-eb80-aba5-b4e1bb969ba6,0,0.9112953994226342,0.6954900261606864,daily_wage_labor,tier_3
f44822c7-083e-5ec4-2836-4818e6edc467,0,0.00041863517852658977,3.607034027835624e-05,small_trader,tier_1
af07533c-52c9-5926-4a29-98b0ec8939eb,0,0.28837246592472643,0.06237174663974956,gig_delivery,tier_1
0f20e098-0fa9-8073-555d-778d8f7fe51b,0,0.002075563491652942,0.00020815884325663876,gig_rideshare,tier_2
fdd48e9a-c434-3762-fd37-dd51c1acea9a,0,0.048552902818990766,0.006849809862851151,gig_delivery,tier_3
6cbf775c-611e-a096-763a-0e3780fa8d36,0,0.34526983625452295,0.08150107406123408,daily_wage_labor,tier_3
c74e0597-8110-73d7-9577-72bb3cc28079,0,2.7281431835897365e-05,1.818639438999014e-06,freelance_digital,tier_3
e7c6b8ee-c7bf-2d68-e0b0-b25e30eec18c,0,0.004809752549604905,0.0005233472296417545,gig_rideshare,tier_2
c2f80bb8-49da-789c-fba0-c410f67ec0f2,0,0.016274770251124848,0.002007737709893254,informal_retail,tier_2
a132474c-8e57-55c4-9a5e-5d30184510fb,0,0.03629799224548602,0.00492329479631207,gig_rideshare,tier_2
f2e00aa5-ed11-22dd-c098-6bd909c1bbbc,0,0.0003755821757333964,3.203163611753633e-05,gig_rideshare,tier_1
ba912f0d-486f-3b6c-6297-1c76b065e87a,0,0.056906660019373015,0.008216486299806041,informal_retail,tier_1
3a55d1e5-1893-afd6-9993-61309d4e8f1d,0,0.0014092286757596204,0.00013620050881686535,small_trader,tier_3
7e9bf949-c8d6-c8a2-0c67-78fe03b5abb8,0,0.05259830452460488,0.007506417027584745,informal_retail,tier_3
23236459-3e64-e926-9e46-53deb1b62c73,0,0.0012430547761469203,0.0001187145293452386,gig_rideshare,tier_1
01a2487c-2db9-66e4-afb0-79f2829eac66,0,0.0001432500809510445,1.1158220915511103e-05,informal_retail,tier_1
bde0c93d-457c-41dc-e7a5-947d91de7498,0,0.0060624486650431636,0.0006749610354211897,informal_retail,tier_1
bc8eb58d-09cd-2e27-018a-a68ed5aaac12,0,0.03652209066991214,0.004957641636030244,gig_rideshare,tier_2
45111a65-0d4a-0c17-893b-9a56849d216d,0,5.00815822593219e-07,4.888312859958913e-08,informal_retail,tier_1
0fd595c0-e1ec-5f59-a211-7feb1b6b0115,0,0.026862972533302783,0.0035095475829991832,gig_rideshare,tier_2
c55fd39d-7046-cfcf-74bd-8104baed6335,0,6.645797959069293e-06,3.8804094951834295e-07,small_trader,tier_1
379befd2-c701-a170-cc1b-241566e6f004,0,6.159114283972664e-06,3.5706707025343683e-07,freelance_digital,tier_1
16850397-ef0e-4c3a-2151-7f9cda68c072,0,0.00022839817806970247,1.8588187986145583e-05,freelance_digital,tier_1
9d52d45f-893d-9fc9-a823-927486262a9e,0,5.3992205984680675e-05,3.837387717934513e-06,small_trader,tier_3
656143ef-6bdc-1ccc-1666-a8c127342f69,0,0.008596130428978764,0.0009913714031375073,informal_retail,tier_1
8bf4f4dc-d3f1-66c4-fe8b-df050ce8a79c,0,0.00561662536850382,0.0006205896546040522,informal_retail,tier_2
eddf78fb-5627-01d0-d65f-1b1282c3a60f,0,0.13418028842261867,0.022718219031751568,gig_delivery,tier_2
624be675-8b07-3335-9b1b-ee570e0fb172,0,0.3194795024179066,0.07247350426486766,gig_rideshare,tier_3
7d414e71-4601-77e5-d189-d67758ead2af,0,0.04116948318331023,0.005677509508321782,gig_delivery,tier_1
b4b22fb7-a435-0302-f838-a72d03e596f9,1,0.997728122187209,0.9928505468795962,daily_wage_labor,tier_2
d06adfa9-6a13-6ebf-144c-1b53010ee658,0,0.004424195327228939,0.0004774555574868109,freelance_digital,tier_1
a60fba17-2db7-3769-87f6-82a6394ef0aa,0,2.5125976004930037e-05,1.6620650398756606e-06,small_trader,tier_2
b420bbac-626f-ad1d-d585-83e736dae5a0,0,0.040643976660809406,0.005595395677572023,gig_rideshare,tier_2
91fdc972-2adb-a8fd-c5e6-4e7d1d1b3342,0,0.10656231756716754,0.017157247493742183,gig_delivery,tier_3
b1460853-714c-f181-4307-5eea0cbd8c65,0,0.006144555555916833,0.0006850213246914545,informal_retail,tier_3
65050880-b38b-2374-3f93-fee21bf164ee,0,0.23687982454560483,0.0473441723826086,gig_rideshare,tier_3
2dd2f7ab-ede8-9e04-e315-2825ab8fd2fa,0,0.0005927249563351703,5.2772932335090786e-05,small_trader,tier_3
7f016f87-098e-0cf5-98d0-79dee99bf37a,0,0.0001887309936924757,1.5086817552294266e-05,freelance_digital,tier_1
63a2a4ce-af34-cef8-7bd1-fcaa36b9bb38,0,0.032704323523378404,0.0043772437774462465,gig_delivery,tier_2
4ad37533-0a69-26f3-8d96-334848978d85,0,0.08308925870687417,0.012760571076155035,gig_delivery,tier_1
d35c01d1-51fd-c13b-d889-ffdc9c444437,0,0.07112508642602244,0.010636247606722651,gig_delivery,tier_1
bda5a50d-71d1-8c90-ae84-a647116db0e8,1,0.9768525022511938,0.9146171181378264,daily_wage_labor,tier_2
73371f95-f7b9-b960-28ad-26f6184e9543,0,0.08767572612162716,0.013595910249280146,gig_delivery,tier_2
64811a95-8173-adba-acd6-f393f540562b,0,0.5222459016345223,0.16454418730191828,daily_wage_labor,tier_2
5f80277e-ab7a-188f-7afc-3c39e5907bfe,0,0.8137799449389397,0.4727580456078847,daily_wage_labor,tier_3
807aba8d-c2eb-5457-dbd7-95dd83207f0b,0,0.1119935597676437,0.018217562614322013,gig_delivery,tier_2
552012b1-c664-30b9-da0f-4ea0ca5cb11a,1,0.998382459029808,0.9950619311298602,gig_delivery,tier_3
ca41663c-26e0-4b87-1f92-1794771ec7fc,0,0.06201768635396313,0.009072962741654502,informal_retail,tier_3
184ade0c-a08d-fa77-2008-dc966f3926de,1,0.9990830074240423,0.997341703432407,daily_wage_labor,tier_3
d0297b47-8087-4da0-ff0e-714061899b11,0,2.413914118711154e-05,1.5907939464786686e-06,small_trader,tier_1
352a12c3-9fa1-e7a4-b584-67b5d5b716b2,0,0.1975013894989681,0.03712228848141364,gig_delivery,tier_2
960d4a69-401a-a7d6-91fa-f28c891c6c95,1,0.4068614037874725,0.10578715584932008,daily_wage_labor,tier_2
3f3feb06-6280-b745-7fb1-16172faba024,1,0.8838671339951666,0.6219388326544449,daily_wage_labor,tier_3
63e3c8fc-a3c3-08c6-f6d9-a95043567bd6,0,2.0576844086797177e-06,1.076312762802789e-07,informal_retail,tier_1
23c1f70d-f7aa-2bc2-a75c-5c4b42362a51,0,0.1490238820195453,0.025883452019490525,gig_delivery,tier_1
af746623-f078-60da-600f-bfafcfb8b5a5,0,0.015072553309487393,0.00184392515429613,gig_rideshare,tier_1
98a88626-57bc-02f1-64ec-c65bfa447dcb,0,0.46079877082759557,0.13078190170497833,daily_wage_labor,tier_1
4bff4f47-1924-95d3-a0c9-4c1fa7d2fe65,0,0.10940557365780404,0.0177103029561819,freelance_digital,tier_3
30cc5131-9977-f581-709c-87586dee4ce6,1,0.9989146973818932,0.9968047810156015,daily_wage_labor,tier_1
c4c389fd-1195-3369-612e-cd6639144302,0,0.043382869182943054,0.006025322649630346,gig_rideshare,tier_1
d4280585-3da1-14f2-d6b0-10540dc55d87,0,0.002147774276475934,0.00021610849018538475,small_trader,tier_2
0fc70621-44ee-8372-b657-c2a04bf34967,0,0.21020550033409627,0.04030786634980143,gig_delivery,tier_2
78b7f3bc-e0c6-2064-04fa-c5b6c51ecfcf,0,0.45155612300414544,0.12621844431264914,gig_delivery,tier_1
8e16f5fa-4953-e125-26f0-4085e2a68fe3,0,0.006319470106172311,0.0007065000619579249,small_trader,tier_2
af50d27f-71c8-eef9-9e69-802b450c154e,0,0.08315065289454039,0.012771676450158816,gig_delivery,tier_2
df3901b5-1741-9d47-811f-3eabc378971a,0,0.9996140906109222,0.9989674433523449,daily_wage_labor,tier_3
5f8c9a25-37d6-00bf-58a3-b6df67d0e940,0,0.021564463214362933,0.0027456014092853737,gig_rideshare,tier_2
c471eb1b-3d3e-c97c-17e6-444d8b0698b1,1,0.9996684411398435,0.9991253241680125,daily_wage_labor,tier_3
6976fd4b-a162-a47d-cf26-4151f777dd78,0,5.4466336711272975e-05,3.874264052384935e-06,freelance_digital,tier_1
abb1aadf-08ea-611a-ff58-25f78bba59bc,1,0.23300163885549457,0.04629101020108889,informal_retail,tier_3
40b247c4-b2d2-5228-8d76-b881b464dfa7,0,0.052532858778507274,0.007495715925697066,gig_rideshare,tier_2
2c1822c4-d9e4-fde4-a53c-f45c2570b0d2,0,0.01928764609270333,0.002424751981703752,gig_delivery,tier_2
57d26dfc-5b99-c1db-4fb7-7b49da9f1060,0,0.060501087435939536,0.008817238667890337,informal_retail,tier_2
d78da7c5-c706-0088-e892-09b45f059070,0,0.06502035012672852,0.009583160305373154,informal_retail,tier_1
7e3fc9b6-55ff-2b38-820f-4a67273d890b,0,0.06985081109103047,0.010414693746571198,daily_wage_labor,tier_1
1e83c598-616e-d7d5-23f1-0b87b77b5288,0,0.00014759833867249714,1.1529270175148078e-05,small_trader,tier_3
56adbc41-e9c9-527e-cdb4-cc8a5971bd40,0,0.014099127455398125,0.0017124443033273216,gig_rideshare,tier_3
c8ee4c68-4ede-ea78-1603-9e344b59ce91,0,0.001560570510319116,0.00015230071216734687,small_trader,tier_1
34c93d09-a81b-cfef-7c3c-c6d3756a5492,0,0.037936666384621176,0.005175233631150114,gig_delivery,tier_2
1acea782-c19e-1b57-1c68-7bde615fdb51,0,0.914947797601218,0.7060505907710551,daily_wage_labor,tier_2
34534a3f-e453-0882-141a-0230df6344df,0,0.21718005511130728,0.04210142807524169,informal_retail,tier_2
4b80b57c-4770-615c-fc56-06cf749b1af6,0,0.009738405390056925,0.0011375978752031352,small_trader,tier_1
e10020cd-698d-346a-9717-7294a439f6ac,0,0.2604585106294968,0.05397809706487128,gig_delivery,tier_3
ff87ad39-7dca-2864-6515-d5b85f9d4a84,1,0.7374321556039852,0.3560274380462555,daily_wage_labor,tier_2
30f5686d-ee10-21e6-7c80-1b50ec725cb6,0,2.3694060025267123e-05,1.5587380668788158e-06,small_trader,tier_2
c3e25aa1-7e50-edbe-5755-21d951cfbb42,0,0.11132756431859783,0.01808667216111926,gig_delivery,tier_2
fce03253-d25d-678f-3ffb-c73f44163890,0,0.013036491334207027,0.0015701544171145953,gig_delivery,tier_2
02c14689-ee07-6b85-ad54-bd89f6d781fb,0,0.0006276963133059743,5.618992233770815e-05,informal_retail,tier_1
cd2a659b-5d28-ed35-cda4-b4aab7b0f43e,0,0.8361337731430343,0.5151056403414125,daily_wage_labor,tier_3
afc2bf82-a0aa-de5a-e8f7-49ca3343670a,0,0.24556730980111144,0.04974175385503833,daily_wage_labor,tier_1
1949aae8-b6e8-081e-8556-a8f8604ffd57,1,0.9944103656301874,0.9810185591049296,daily_wage_labor,tier_3
c3b460cb-8ca5-2540-861f-48aaa1295941,0,0.0041747722332524705,0.0004479823726752717,freelance_digital,tier_3
1bdf1175-b310-9f01-dd8d-e227c6ce1b7d,0,0.04838729678751261,0.006823142664744468,gig_delivery,tier_2
4c755908-cd8f-426c-4079-3d5e91c1a29e,0,0.0014745355723718638,0.00014312856140695732,informal_retail,tier_2
04924452-0e22-ddef-fab7-32c87819177a,0,0.0075432306599753085,0.0008584610891867569,freelance_digital,tier_1
0ab10389-aa83-bf60-4e41-26308eeeac0c,0,0.0018426095281141282,0.0001827013437521051,informal_retail,tier_2
1ffa5cae-e1be-bd52-bd54-8325b2df60e4,0,0.01948644586968717,0.002452577420566536,gig_rideshare,tier_2
31b00bea-81e7-28ce-f851-2eb024492fe5,0,0.013336266379342742,0.0016101603131998884,gig_rideshare,tier_1
0a3ba475-ad06-58c3-a1b4-db3e69a9e81a,0,0.8142253237395048,0.4735601453167011,gig_delivery,tier_1
de9bc568-9866-2dc4-c9dd-f3c9795fbe2f,0,0.24535532665651297,0.04968261139442228,gig_rideshare,tier_3
381756e0-ddf1-9555-efad-364a0d9a2063,0,0.0004148196891988998,3.5710766672785684e-05,freelance_digital,tier_1
a4fff7e5-0bac-6f08-6f53-90792f8c3d2d,0,9.413856908086457e-07,4.888312859958913e-08,small_trader,tier_1
aaa17f3e-765d-3d92-44ae-45cabdf97ce9,0,0.016590426725378946,0.002051001506458383,gig_rideshare,tier_1
acc25f99-8738-f047-2c17-fef5e2e73899,0,0.23336046776773361,0.04638801454075274,gig_delivery,tier_2
d35d93f6-bfb6-eb88-3b2e-4f06c489b5fd,0,8.39947497439314e-05,6.222650713451546e-06,small_trader,tier_2
811a04e3-6cc9-b747-463d-5c6ad228d572,1,0.9995780285835293,0.9988615274930881,daily_wage_labor,tier_3
1a9a38a4-afc1-1401-0fa6-961ed84be0ad,0,0.0078017554783779515,0.0008909189949874703,small_trader,tier_2
60c3f806-8817-c775-ae4f-632d3e805897,0,0.0033385565612029664,0.0003505284646454987,gig_delivery,tier_1
0043c33d-fe3b-93f1-e48a-3500e3173ca5,0,2.1886661700679755e-06,1.1514727741289798e-07,informal_retail,tier_2
35be1012-a3f7-b893-a3a1-724be247b697,0,5.9389155289100335e-08,4.888312859958913e-08,small_trader,tier_1
1535ea47-0406-128f-59d3-403f3e50ea20,0,0.26866711166658447,0.05638378323758453,gig_rideshare,tier_3
8b8cf1e9-9b1c-b544-469b-03adc45bf1b1,0,0.1068751861859831,0.01721788797159532,gig_delivery,tier_1
bad91842-8f95-be82-9184-3e0f47837558,0,3.2853625964417775e-09,4.888312859958913e-08,small_trader,tier_1
95016a7d-7d52-0e77-3fd9-fc3842afbb80,0,0.1350136418662463,0.02289261579930322,gig_delivery,tier_2
94cd668f-ab76-3c42-82ac-80a2ad2f2ef4,0,0.052774547551032454,0.007535247467179423,gig_delivery,tier_1
321b1bd1-8e94-ae89-bcfe-648eaa600ffb,0,0.045215087898885745,0.006315601484973855,gig_rideshare,tier_2
c8010ab2-06c0-a081-272b-526e77c8d346,0,0.08553752704729985,0.013205038144144296,gig_rideshare,tier_2
e11fb85b-6ef3-ac47-bee0-d2bc044b542f,0,0.00023742595001420775,1.939349155899053e-05,informal_retail,tier_3
fde4fd5f-48f1-c1dc-f79c-9f9c783e64db,0,0.2854593994329641,0.06146713450577408,daily_wage_labor,tier_1
52e7bc5a-e882-6d8e-9a13-a33047cdf1eb,0,0.0003731016774521598,3.180023198363857e-05,gig_rideshare,tier_2
accd8e45-2e48-8859-3ac0-a8354dfb5fee,0,0.00036974851538283996,3.148764885401571e-05,small_trader,tier_2
9d6ea0dd-954a-8a0f-6121-ce96b68f4a05,0,0.011542245286837612,0.001372395092106408,daily_wage_labor,tier_1
6b7fbd02-84e7-597d-8efa-ed80eacd6b92,0,0.0025255674669471626,0.00025811054129311307,gig_rideshare,tier_2
a75dd97c-f9ef-6292-db55-d19f91ea220b,0,0.21013386400986178,0.040289610518947555,informal_retail,tier_3
27abe6c0-5013-e513-5edf-103b1f00c26d,0,0.0014085570450426048,0.0001361294176267855,small_trader,tier_3
0fd8b66c-9b37-b5af-fbf8-f7af59cefae7,0,0.06514744792727213,0.00960486981909627,gig_rideshare,tier_3
aa695a00-50c3-a05a-33e2-4e3af6f24762,0,0.00020083976328337676,1.6148904668754577e-05,small_trader,tier_2
3496d299-80dc-b185-80bb-787dfa0519f5,0,0.0030204023581292456,0.00031406034839070914,gig_delivery,tier_1
643c103d-133f-bc96-72ed-8841cb4e90df,0,0.026881403959853514,0.003512244833218362,gig_delivery,tier_3
56698aec-a72b-aafc-0237-88fe20dbdded,0,0.03732592120830716,0.005081122424816081,freelance_digital,tier_1
5cbf83c0-32d3-c9d7-5ad5-6a7ad92d6ed8,0,0.0005143034103704348,4.518155168903563e-05,small_trader,tier_2
d0ddf1bd-691d-36c4-0b48-9943af587da1,0,0.009420126836279706,0.0010966522557399525,gig_rideshare,tier_3
1ddc8418-5b55-36cd-4f0a-a6ce36f9b7b5,0,0.018131013614592233,0.0022636055513794136,gig_rideshare,tier_3
05e5fd59-bf53-9ecb-c5e8-8f3537039e58,0,0.0007165784455510451,6.495414112126481e-05,gig_rideshare,tier_3
cb47b524-08fa-5573-be28-8d52782c4b59,0,0.5306705276701663,0.1696888670789231,daily_wage_labor,tier_1
cfdfc98f-e82e-44a0-9232-826987c3c26b,0,0.00150052530460482,0.00014589399910787637,small_trader,tier_2
2131a0f5-d34a-b3cf-586b-c39c367f6733,0,8.197102471332623e-13,4.888312859958913e-08,small_trader,tier_1
7b98cc99-a2ec-5592-64f9-648d20c68e44,0,0.006093585915382887,0.0006787745048371647,gig_rideshare,tier_3
a5d721ec-f9aa-a994-5df7-b6e66480995b,0,0.00803168245107195,0.0009198845907230314,gig_delivery,tier_2
46a3e67e-435f-8af0-5562-63a60e21f0fd,0,0.004198900719449681,0.0004508258676111902,gig_delivery,tier_1
67081e6c-88ab-3905-6f6d-99e62e4cfd65,0,0.9832020223533771,0.9387252638616214,daily_wage_labor,tier_3
be62eda2-f9a9-422b-e966-fd7c055739db,0,0.006563392775011722,0.0007365573582805881,informal_retail,tier_2
07b7aab0-8133-54f2-ce0c-33b7c09fbfdc,0,0.394127601903198,0.10042331722525336,gig_rideshare,tier_2
ea52c031-e18b-23bd-c975-066d8b09bc8c,0,0.046037909022755924,0.006446648683863763,gig_delivery,tier_3
8a3fa0c6-79ec-e491-8511-ea14cdecd624,0,0.05467558678607634,0.007847404538071598,informal_retail,tier_2
ab9acff9-a7fc-23cb-96e8-ac2b2779b12c,0,0.5065210376522763,0.15529492590352656,freelance_digital,tier_2
e3b4f140-1238-5d80-1cf6-4ac02939d3ef,0,0.38765165361772586,0.0977674018514889,daily_wage_labor,tier_1
edef4df7-0495-ad41-3c4b-12c1cbf15dd5,0,0.004002951262626057,0.00042778235654242474,gig_rideshare,tier_1
43681952-ae26-2e01-2f89-3a9874a9fa81,0,0.0005924961678056669,5.275063959051774e-05,gig_rideshare,tier_1
03c801ea-c895-2591-ffd5-87eb42fc4186,0,0.011063470290625248,0.0013096382592747773,gig_delivery,tier_1
6df3a79c-8b6a-69f9-f934-a187c569cb02,0,0.011479941708062843,0.0013642112599444125,gig_rideshare,tier_1
98cb827a-b821-bf91-4be7-857ac1f476c4,0,0.0002819553688278564,2.3406218170943336e-05,informal_retail,tier_2
851924f0-a8b3-65f4-ee55-53644bfcaa34,0,0.06802982742988452,0.010099672317042696,gig_delivery,tier_2
727938c0-afe3-cd0a-fdb6-82b07aa7f314,0,0.0023662065194882194,0.00024031210222509098,gig_delivery,tier_1
5a4fd7a6-39ee-9b0f-a806-90505bd47990,0,0.1325255758688786,0.02237309254085888,small_trader,tier_2
312e998f-1887-f296-ea05-844272905e98,0,0.7084002373213356,0.3205396634452435,gig_delivery,tier_3
4a258c60-b7c5-a068-32f9-60df4746ad00,0,0.0022162491324688306,0.0002236710649735442,informal_retail,tier_1
bf5e3817-db6c-4c27-90b9-3d048f9b7b99,0,0.04173530691507102,0.005766123474979437,informal_retail,tier_2
2427d694-8dd9-81aa-a493-5a80c65293e2,0,1.4607403785078972e-06,7.398982204272467e-08,small_trader,tier_1
8da49448-c3f4-2370-bfa9-b60f14509062,0,0.009048917857128465,0.001049091751960145,informal_retail,tier_2
87eae688-8131-533f-2119-3058a6d0729e,0,2.485966278936622e-05,1.642805058637689e-06,small_trader,tier_2
e1f62a3c-5370-ad07-7480-7dd815dfa198,0,0.004884966106616822,0.0005323447317535545,informal_retail,tier_1
13b26b7f-e8fa-f5b3-17d2-94ffee7b51a9,0,0.00011779324122882331,9.008183795322724e-06,gig_rideshare,tier_1
738d7788-ff70-20dc-78af-6f925a1ec38b,0,0.5508735992362315,0.1825992169690887,gig_delivery,tier_3
db136a31-21c8-63eb-f52d-f909d96b5b97,0,0.0004665487860507609,4.0611360187491196e-05,gig_delivery,tier_1
f5b67260-ceed-b55e-93e5-8a3b92145f8e,0,0.18079966917746518,0.03308965174336863,gig_rideshare,tier_2
ccc39d6c-0628-6b17-b439-7cdd92fce447,0,0.8048894468871408,0.4570798597568552,daily_wage_labor,tier_2
420ffceb-8b3a-726c-2947-752bd03c30ce,0,0.0011566406636993798,0.0001097082213602274,gig_rideshare,tier_1
725ce9f7-d435-1da9-66d9-48adb6baf005,0,0.34342432036289283,0.08083425209376806,gig_delivery,tier_2
e98a309b-1436-3c60-4629-54f90d300ac0,0,0.7297057643132149,0.34617583040951144,daily_wage_labor,tier_2
f521ae05-d625-a731-c569-90e6167a3f13,0,0.05086513676439174,0.007223893764781845,gig_delivery,tier_1
f0fabd28-cd0b-9684-dc02-cb1890d10096,0,0.02615084571265357,0.0034055396864842934,small_trader,tier_3
feba385a-f911-af16-159e-ab0d741f0c02,0,0.09495863191217442,0.01494607309374844,gig_rideshare,tier_2
26c61f70-9df7-3f63-6921-8bd12f02132e,0,6.999696697820653e-06,4.106990494174625e-07,small_trader,tier_2
8b252071-ffcf-f1e8-093b-8597c9f4fb42,0,0.0008863292247818572,8.197354779450615e-05,gig_rideshare,tier_1
74ef846a-3bef-859c-6209-0e6b3be07e90,0,1.0947001193463966e-05,6.698262431648051e-07,small_trader,tier_1
75991a25-0fdf-bbaf-37ff-61c409b6ad6d,0,0.02771641566496608,0.0036347177004112025,small_trader,tier_2
314e5a51-d50f-159a-8c4e-a0aa9969e9da,0,0.6649133967016175,0.27435523557963465,daily_wage_labor,tier_2
dd35da58-8c3b-46d1-55b6-b283f5392377,0,0.0013243552155277926,0.00012724313540805386,freelance_digital,tier_1
c90f87c3-5b1e-4830-0497-d53d50b7d676,0,0.3733452044377092,0.0920653425826778,daily_wage_labor,tier_2
798697f6-05d3-47b9-844c-103aa2ba9b94,0,0.00180900071320423,0.0001790534650914536,gig_rideshare,tier_2
a316e6bf-e610-f138-b9c2-40624b826646,0,0.0015428258142981184,0.00015040486146603756,small_trader,tier_1
8acf1752-658e-103f-2e50-f20903a31e13,0,0.11418039223616375,0.018649064137006795,gig_delivery,tier_3
3ca26d3d-f51c-d402-b245-37eedf24a715,0,0.1828398690192662,0.033572993029926945,gig_rideshare,tier_2
ab8df838-67a5-bf14-b588-02448700051d,0,0.09694295638264483,0.01531897816358763,gig_delivery,tier_2
d4d76151-d7b9-584a-0698-5cef3da32479,0,0.6561034014361444,0.26588274450363786,daily_wage_labor,tier_3
21d00eee-4aed-e687-0f28-65f394389b91,1,0.4298246359334317,0.11595860527612993,daily_wage_labor,tier_2
7dd91ebd-a74f-cee6-4530-c4f9b91785dc,1,0.8791949638805107,0.6103645789722016,daily_wage_labor,tier_3
e04f2b62-8b27-2c90-264f-ea189c92337f,1,0.993445610215213,0.9774653598405638,daily_wage_labor,tier_3
e49d2d7d-1681-b0de-0f74-fdac7618245c,0,0.004170185682670996,0.00044744204524112675,informal_retail,tier_1
e14a9a37-9ceb-efc9-a31a-043b405b3aa4,0,0.014257981162927966,0.0017338279275136055,gig_rideshare,tier_2
c4e35d9c-9fcb-557d-211d-1052cda8001d,0,0.06594971405770812,0.00974211676580415,gig_rideshare,tier_3
c7f09e57-c5d1-6641-aa0a-9ce8e1508ac7,0,9.912836485992163e-05,7.458948651948008e-06,informal_retail,tier_3
92bcfb9e-0af7-f235-ce5a-ee3371ec6c0a,0,0.04974444447624857,0.007042176323196437,daily_wage_labor,tier_1
02d373d6-05d2-9f66-360a-8f4f685ef95b,0,0.38235600109613926,0.09563056992816023,gig_delivery,tier_1
fa29b070-2b71-b04f-fc2b-a3ae6d147d74,0,0.0015619380896818953,0.00015244691179841602,small_trader,tier_1
fc9f66cd-f021-6628-308e-5714e288d665,0,0.02991463871664693,0.003959685202107924,freelance_digital,tier_3
bf4dc656-ed51-248a-ac8c-dca105e951e8,0,0.20935700266172708,0.04009185024816772,gig_rideshare,tier_3
cc2ee1fe-0948-8376-32ca-42920473ef67,1,0.9996976091459856,0.9992090923747325,daily_wage_labor,tier_3
facf5a20-ab37-fdd1-f878-b1b59b4f426f,0,2.3728723820862315e-06,1.2578854884903183e-07,small_trader,tier_1
1ae7417a-1fab-7046-1102-a9e1b378798b,0,0.004254578911549607,0.0004573937614978108,small_trader,tier_3
8fcf7dfc-ce19-fc1a-817e-8d31855a5f06,0,0.002523970816664433,0.00025793165633679663,gig_rideshare,tier_1
765668dc-4513-35bc-964b-6f18ed5d11f7,0,0.017101814120018207,0.002121309511945333,gig_delivery,tier_2
7498bbf0-39ac-37f7-a4f1-3c481bb491d5,1,0.9844457589265818,0.9434639712973056,daily_wage_labor,tier_1
89e9795d-7d28-33ef-20da-2627e6a1c813,0,0.21556328761565874,0.04168280172530225,gig_rideshare,tier_2
8a40908c-a8dc-3fd2-9504-3d13f14c431f,0,0.0007029058949620832,6.359887793475804e-05,freelance_digital,tier_2
14c77c1b-4049-dc46-a422-59b043a9c516,0,0.00024200853402596875,1.9803384356675386e-05,informal_retail,tier_1
aafeba49-d338-fe27-6de3-dd9de6d309ba,0,0.29501431101782366,0.06446011990100699,gig_delivery,tier_1
0e74374b-8dab-eec9-b4b1-f83fe84683ac,0,0.02305782892389659,0.0029585456562235754,informal_retail,tier_3
f0f56da6-a763-578a-981b-0764ec3f4711,0,1.099504548168686e-05,6.730424738232318e-07,small_trader,tier_1
3178a490-8a5e-95a2-781b-a71f2ac53739,0,0.06836618902069656,0.01015772037128,gig_rideshare,tier_2
d64f7f29-17e2-e424-be15-8dad06f2a343,0,1.2603273128727352e-05,7.814326820460957e-07,small_trader,tier_1
a39088bb-d15a-d931-4662-d944aeea3206,0,0.18858219559063796,0.034947152185462675,gig_delivery,tier_1
b48896dd-6f40-16f7-2eeb-53913a01f6db,0,0.003007465980990849,0.0003125853541668329,gig_delivery,tier_1
e242e0a8-da38-65d2-6b2c-77899e7c3d8b,0,0.010611440730500406,0.001250671363282177,gig_rideshare,tier_2
3a1ee1f0-120b-53c9-40ce-815995a3584a,0,0.08104225089901161,0.01239148497693067,gig_rideshare,tier_2
2a49e472-e733-75f4-03b5-8744de22b57e,0,1.616536384343917e-06,8.266346737907611e-08,freelance_digital,tier_1
d5f1412e-5ce3-7632-7bdf-2e6161e7bfb5,0,0.0077940708800430065,0.0008899524924483192,gig_rideshare,tier_3
843f034a-da21-f24f-fa31-ea2951f4acae,0,0.31652509490053304,0.0714782272289664,gig_delivery,tier_1
0044eadf-ac59-5f9b-7166-46a77a84ddc5,0,0.5650755333903903,0.19218924415354013,gig_delivery,tier_3
71a0b65d-0d10-bd94-769b-4307cef8f795,0,0.0003960621307635914,3.3947643542136395e-05,gig_rideshare,tier_1
46153a0b-4bd4-00c1-ff17-a67942d6755c,0,0.039377213800479004,0.005398197502882088,gig_delivery,tier_3
7078a793-4375-7704-8b60-bf43ed332ee8,0,3.913850212968468e-05,2.6989416380984563e-06,informal_retail,tier_1
98434415-3926-0cba-d92d-3975e0a30fdc,0,0.12828209657982698,0.02149503552800966,gig_delivery,tier_2
915e932e-8487-1254-47d3-f5a0e9172884,0,0.061603765264058113,0.009003037073811159,gig_delivery,tier_2
4b16bb7e-a697-8c0b-9a06-4ac83cdeae11,0,0.012164672187718493,0.0014544298826855168,informal_retail,tier_2
121ac36f-fef1-208c-f29e-670217b9143d,0,0.879862049502147,0.6120010529453304,daily_wage_labor,tier_3
e4e3fcaf-4887-74bd-a87f-61cdf1311739,0,0.021292025777498558,0.0027069633003430622,informal_retail,tier_1
f703f856-b02c-0b2b-d2db-e18078fb5da9,0,0.00829583306909699,0.0009532729601670182,gig_rideshare,tier_2
550860fa-06ae-2a27-612b-b5db25e0391f,1,0.7484165636631765,0.37057951956483987,gig_rideshare,tier_3
59805f3a-5cf9-85e2-6065-1fac0755921e,0,0.41169320939752735,0.10787295254554714,informal_retail,tier_3
188f6334-5144-9028-1f43-2007cbafbd76,0,0.003230189346231798,0.00033806626068199225,small_trader,tier_2
e5fe0138-9602-7687-3036-7b070a316472,0,0.0026244881770691826,0.00026921488804737824,small_trader,tier_2
3a1a861f-dab3-50bf-490b-10c3509b7458,0,0.08205056438406724,0.01257300028247869,gig_delivery,tier_3
a505a05c-1078-a8a8-571d-ba58b0759675,1,0.8017355852861989,0.45166686471133277,gig_delivery,tier_3
09a8f658-17d4-0728-e385-787cbf581924,0,0.026501437752957463,0.003456694568867101,informal_retail,tier_3
9e57362f-eb22-3477-d06f-940fd68f3a0a,0,0.005081302500947765,0.0005558984871761307,gig_rideshare,tier_3
8d0392de-0ab3-612c-0264-a3e405748cda,0,0.053503063052399005,0.007654617639824568,informal_retail,tier_2
406f87fe-5206-7f72-cb4c-30386447a993,0,0.0014453452401573448,0.00014002817667966414,gig_rideshare,tier_2
73ed0b27-f49f-c33d-a447-daec1b6765ce,0,6.203869066338274e-06,3.599060734040092e-07,small_trader,tier_2
4f6ca6cb-b555-3ec3-ae87-8eaecc602347,0,0.004033777796762999,0.0004314000940318777,gig_delivery,tier_1
3e48d7a2-f842-0813-5ffd-5f1b3cd00cec,0,0.0003006406116104834,2.5108518596611046e-05,gig_rideshare,tier_3
a618afe6-e529-cb12-1f22-9d95d55cd8d0,0,0.35055412299877675,0.08342875629363146,gig_delivery,tier_2
594f009f-17e1-3a40-10f3-bd07767f6e4b,0,0.0026557329416465433,0.0002727309381507711,gig_rideshare,tier_1
62d72113-19ed-75af-94e7-4f33196bfac0,0,0.0007387296576453308,6.715504465845062e-05,informal_retail,tier_2
7079fc1b-1125-50d9-b2e1-27585f7d7243,0,0.002004033391165627,0.0002003107344176569,gig_rideshare,tier_1
4b9be5ee-26dc-c388-f72b-85bb8864a268,0,0.017722532245829162,0.0022070036432068423,gig_delivery,tier_1
cc108593-a6ec-7d70-1fd4-aee2e4067145,0,0.0026342255440422466,0.0002703102167713022,small_trader,tier_2
aaf9400e-369f-7230-d614-2ae97fca4b97,0,0.018936750326792113,0.00237572887772033,small_trader,tier_2
8dc505a6-95e2-30a6-0f33-e1ed06dfa78b,0,0.3595955672373353,0.08679130662722445,gig_rideshare,tier_2
674f3f61-ab4f-5c0b-a116-b4c2204f0030,0,0.0001226036119677788,9.411374435474144e-06,freelance_digital,tier_1
c19d50b4-9640-a879-4d57-781989370553,0,0.0002614945764488524,2.1554362048946972e-05,gig_rideshare,tier_2
b1cd9534-1e2c-953c-abe0-27096f7cb14d,0,0.005135065527827173,0.0005623647940130533,small_trader,tier_1
14a7aed7-6e24-e70c-5db0-18cb5e1cebc2,0,0.3120459656270915,0.0699840125484769,gig_delivery,tier_3
2ef777bd-9fd1-f641-c0c3-6b74d40826ed,0,0.051537481610573206,0.007333277765650785,gig_delivery,tier_1
01747ca4-b0a7-2416-0f37-de187e578b6e,0,0.041157282993983364,0.005675601113999492,gig_delivery,tier_3
507c3392-dfe0-e7a5-e0fb-6d77340d5944,0,0.46242196351745657,0.1315961643340075,daily_wage_labor,tier_1
0f40573e-092f-09c3-3aeb-1fc0a4e3613b,0,0.008045447315295185,0.0009216215369517807,gig_rideshare,tier_1
f3ca5843-199e-104c-0fdf-1a99d377503b,0,0.1949003900199241,0.03648281235153888,gig_delivery,tier_2
8bba85ba-c26c-cd7d-0743-fca71a85216f,0,0.07050397524163232,0.010528143156866203,informal_retail,tier_3
423a95b8-d6fb-d0df-d796-c03f4a3c07d1,0,0.7078014388462014,0.319849906424696,gig_delivery,tier_3
2c634afc-586e-2cd9-67e4-dd9a82b705aa,1,0.9943670366373192,0.9808597455237501,daily_wage_labor,tier_2
62d838f0-5bc6-35b6-b030-a7458183f7d3,0,1.9440052481764693e-10,4.888312859958913e-08,freelance_digital,tier_1
53c164bb-baf0-6606-8ba3-2715367742a8,0,0.0966291176768975,0.015259856428777883,informal_retail,tier_1
f7265900-6a13-1d3e-742c-3a2893b049e5,0,1.6542099451542547e-05,1.0521582704473292e-06,freelance_digital,tier_2
e1fbe4fa-dd69-4f0f-ecd3-4dc03cf46215,0,0.0008213033069978925,7.541359111882231e-05,gig_rideshare,tier_1
696f4d82-8a68-2cfb-0d73-1cdbdbe35ab5,1,0.9933976431363388,0.9772878365298463,daily_wage_labor,tier_3
0093b15c-003a-f2bf-d2e9-c57d07ed130c,0,0.0006125056387719276,5.470338557810998e-05,gig_rideshare,tier_2
54ddf050-b592-19fc-9dd6-8d3b13900b54,0,0.057425553294000176,0.008302745544993691,gig_rideshare,tier_3
8d7478b0-fd6f-4e79-fe5e-5a42683f6d37,1,0.19479340075186344,0.036456599724613056,daily_wage_labor,tier_3
37f12974-2c20-64e4-4bf2-46d7ceb8ee9e,0,1.9251949197628694e-08,4.888312859958913e-08,small_trader,tier_1
9eaedad4-36cf-208d-58cb-5f657008c7e8,0,0.17057304161311534,0.03070498164962834,informal_retail,tier_2
bb4e5c6f-746f-c60b-9097-90ed6c74dc32,0,0.14646886303205242,0.02532967927902184,informal_retail,tier_3
f7677e89-f5d6-d2f3-0d21-8b19de5b82d5,0,0.08355282648932154,0.012844475538198348,gig_rideshare,tier_2
a5e50c46-352f-0a94-c4a3-49817d478143,0,0.0072633105435347305,0.0008234521293558377,informal_retail,tier_2
f36da707-2082-19c2-0445-c58fe0bf9e62,0,0.21111713422294753,0.04054048085254875,gig_delivery,tier_3
e5967766-e828-6281-e847-15539ee6a7bc,0,7.421154572112381e-08,4.888312859958913e-08,freelance_digital,tier_1
71074497-475e-b3c7-8a16-89b6928d36be,1,0.27504669746816574,0.05828900149451885,gig_rideshare,tier_3
2f6dd738-7202-3376-f7d9-38e0174557dd,0,0.004314596256667188,0.00046448330859525234,gig_delivery,tier_1
0a7a8090-ee52-4eeb-778b-b908ef905682,1,0.4944261672242839,0.14847877443519814,daily_wage_labor,tier_2
a5702bd9-22d3-2a12-b45e-45f1866c113e,0,0.02214094454297318,0.0028275751572114202,informal_retail,tier_1
7669946a-deab-e61e-02dd-bb3ae03cc66e,0,0.0028522682317379837,0.0002949396962730015,freelance_digital,tier_2
f33a81d2-9c22-a80a-2fbe-3b72e93baf10,0,7.142498207382841e-05,5.211502943930269e-06,small_trader,tier_1
c1fad5ee-83a2-8847-576c-dbab3c0c44c1,0,0.0014793425353269948,0.00014363969390243856,informal_retail,tier_1
2023a926-45eb-8ad4-195f-8ccdc2e8675a,0,9.889714123969781e-07,4.888312859958913e-08,freelance_digital,tier_2
7bb8948e-5dbd-1f14-6261-4225d02d31bb,0,0.0396961157895626,0.005447742058583743,informal_retail,tier_1
9d1bf7fb-fd4d-41f9-0783-93c0b3aa5573,1,0.9679308980641542,0.8812931068999554,gig_delivery,tier_2
65acdfdc-b1f4-436b-f9f7-2a6d5d3f86d7,0,0.00494529986008649,0.0005395725448187721,informal_retail,tier_1
5bce5021-2918-a2a7-ef40-a8eb298d4c8f,0,0.5104692777537523,0.15757517304630048,daily_wage_labor,tier_1
7e017278-d220-1f5a-a958-c22274dcede6,0,0.0011402233910761145,0.00010800432128961466,gig_delivery,tier_1
4920bde1-d680-20f0-cd25-5d9321a9731c,0,0.08028701397362166,0.012255895881971401,gig_rideshare,tier_2
34defdc8-a9de-5354-de5b-6f2ceec39a4c,0,0.13747089184388944,0.023409124472131004,gig_delivery,tier_1
6306d03d-6f5b-56e3-9714-0c99628e198f,0,1.6429021805696793e-05,1.0442936280745453e-06,freelance_digital,tier_1
e33c5f8f-7c98-6d51-8c36-cc5a27686024,0,0.002302457760899652,0.00023322474746712043,freelance_digital,tier_2
91f485de-2b8d-dce9-8c0f-98c437153f12,0,0.2952009039528489,0.06451931362318236,gig_delivery,tier_2
fc13f192-ee87-ab81-f1af-9d6944e2c84f,0,0.005151816922493082,0.0005643809889154706,informal_retail,tier_2
0f6c1cdb-ec84-1221-8738-31f3c16bc58b,0,0.008174345833791126,0.0009379024784857786,gig_rideshare,tier_1
041fc905-50a0-a72a-4b52-4fafd1382a96,1,0.9998134232957346,0.9995335275373267,daily_wage_labor,tier_3
5f30a71c-1dbf-dc07-ee18-b17239916e0e,0,0.24747239818008063,0.050274714595227525,gig_delivery,tier_2
896b4da6-78ee-8e20-3ead-52d4620ec1e9,0,0.06581045095023547,0.009718266191509456,gig_delivery,tier_2
f34f1002-c10b-bbcf-dd1b-f4f9512f6bd9,0,0.005788268322224617,0.0006414711779069986,gig_delivery,tier_1
c652bcfe-10ff-59f0-d545-92f68f5f97f2,0,0.038977608548125216,0.005336209652877375,gig_delivery,tier_1
6e3784a1-8708-ae68-6a92-536b63363c10,1,0.7141667275682648,0.3272657879825825,daily_wage_labor,tier_2
7093fefe-bc8a-1f1c-3b8c-5960534eb201,0,0.38373116859167755,0.0961824672949689,gig_delivery,tier_1
669d1ac1-d26d-3e17-254d-4044c42b7b5b,0,1.9428240448188366e-05,1.2545201576630927e-06,freelance_digital,tier_2
b14f6357-0619-f7fb-84ca-3799c35a8077,0,0.3297249530527672,0.07598585134747493,daily_wage_labor,tier_1
d1b4b655-0709-bef3-b894-5e4a3b35a7f0,0,0.014725755278293914,0.0017969616918211326,gig_delivery,tier_1
4d671505-8d93-398e-6f5a-39a18b840ff5,0,0.002527118280428766,0.0002582843014719779,gig_rideshare,tier_1
cd95bf32-0e36-f944-4b81-c287fda99c64,0,0.1966684770127759,0.03691704452370582,gig_delivery,tier_1
269dc864-754a-b6cd-7dfa-273e41ea12e6,0,0.005971272330497737,0.0006638062724483656,gig_rideshare,tier_2
7beeebce-545d-71a0-9270-28d0b17ee072,1,0.6168681776230719,0.23125552748465023,daily_wage_labor,tier_1
285fb612-e6fd-766d-4e24-e8ef9b35ef5e,0,0.07629944611452248,0.011545233992709946,informal_retail,tier_2
e67ca1e5-f233-c69f-c6ba-26f0a2ad8025,0,0.009273132076084718,0.0010777934622239593,gig_rideshare,tier_1
01bdfd4e-5918-d26f-c998-a2d2ec03359d,0,0.0002633846645528947,2.1724872542333776e-05,informal_retail,tier_2
9c5d2e17-a00f-2f6e-a417-1094261e06dd,0,0.00041898928347797794,3.610372707416514e-05,gig_rideshare,tier_3
4943f2cd-cd2c-d621-00c6-41a4582804e3,0,0.1171397393407039,0.01923719034689267,gig_rideshare,tier_3
7ca7fe56-a727-1ad2-98cd-329fea186b9a,1,0.8157953378836905,0.4764006127277124,gig_delivery,tier_2
47b4f068-c860-c0d8-6546-de3548042edc,0,0.06750671790843277,0.01000952307773133,gig_delivery,tier_2
f91d2152-7865-5174-6d70-d71ecb81c101,0,0.008337462259999087,0.0009585455310386857,gig_rideshare,tier_2
bb05553b-b967-378e-28d7-525697d76aee,1,0.9392701513986842,0.7813254128980719,daily_wage_labor,tier_3
62a1d7a0-904a-9be8-1d22-3fd5508c14a2,0,0.05731447081224123,0.008284266253729442,gig_delivery,tier_2
1576fc07-c294-e264-be44-ac579c93bdf2,0,0.04369944900741441,0.006075326571980628,informal_retail,tier_1
970df5d3-ab42-1972-e86a-cf5e32c59fa0,0,0.4323599100944616,0.11712278357438709,daily_wage_labor,tier_3
711032ef-ecb1-a2fc-7453-8a919e3923f6,0,0.04200866259303795,0.005809007970609797,daily_wage_labor,tier_1
07014ebf-fbe9-beee-8b6c-62f7d38abafd,0,0.05606072180088583,0.0080761990757865,informal_retail,tier_3
0ff3dfe6-4cc5-bd73-7f08-df6bbc6d555d,0,0.04199720222883554,0.005807209082166679,gig_delivery,tier_1
45ebf5f8-6857-1628-81be-e61c63e7b033,0,0.05326716773997651,0.007615930541387019,small_trader,tier_1
7bd6af74-58e1-c2cd-7dea-22041340894e,0,0.00029636080295750345,2.4717705595015386e-05,freelance_digital,tier_3
915986da-37ba-57ac-b3a2-3d599b24bdff,0,0.00010291965161760419,7.771572431689927e-06,freelance_digital,tier_2
f3a2e6fd-1bea-1e7e-0a6e-a9bc7511552c,0,0.017010893438911136,0.0021087898293274364,gig_rideshare,tier_2
d592b410-f9b3-32a5-ff1f-849db895e7a1,0,0.4556597002374107,0.12822933471403752,gig_delivery,tier_3
8482ce38-e4ee-593d-5aae-1e85dc028b76,0,0.021363971117718004,0.0027171604813053182,informal_retail,tier_3
76200e83-a865-3222-9c34-e721940c537e,0,0.045724477277358316,0.0063966798023011836,informal_retail,tier_2
ab9883f1-9087-07d9-b3b9-ddd505a69e5b,0,0.007324494165514201,0.0008310920279747292,informal_retail,tier_3
910f4687-90e7-1e7b-1ace-44261a3b73c3,0,0.10697374407146673,0.01723700166584224,gig_delivery,tier_1
aaecec63-f6d0-5ff0-12ac-79f4713c5d82,0,0.20467647068826214,0.03890866882897529,daily_wage_labor,tier_1
f5021c30-4aa3-9632-589f-bca0e5483095,0,0.15126464167701545,0.026372200911683425,gig_delivery,tier_3
dd0f8c96-eb7d-a974-abab-59b4c9c7ecc4,0,0.15278055517024758,0.02670449062434455,gig_delivery,tier_2
4a0faad0-66d0-b448-42b9-f39780b2d530,1,0.9986191769752031,0.9958445139319361,daily_wage_labor,tier_3
c3556640-c4ac-e104-7319-2b514c214671,0,0.0032649553386312116,0.0003420598559371934,freelance_digital,tier_1
05e15e51-110a-72ca-4b9c-6a39640da25a,0,0.9192912660247573,0.71885632790309,daily_wage_labor,tier_1
132355f7-6e04-16eb-43dd-66b8813dd838,0,7.33717475928622e-05,5.367082000904809e-06,informal_retail,tier_1
8ee89f2a-1cce-a6ef-db2d-08ef32bf0e56,0,6.75472036101456e-08,4.888312859958913e-08,freelance_digital,tier_2
48fb3ee0-d234-3486-f0d4-350be0f32dcb,0,0.4050524169692326,0.10501349311125256,gig_delivery,tier_3
990a1485-cb97-0ea7-e6cf-bfe5eed95ea9,0,0.0025956464031222093,0.00026597291776243707,gig_rideshare,tier_2
e351ec24-4d14-6a4f-9ca5-8a11ffbac29d,0,0.004157044771909099,0.00044589428940142,informal_retail,tier_1
4468fb77-f59d-2ea7-8bea-004c111b51fc,0,0.026645226697501315,0.0034777028704323586,gig_delivery,tier_1
508ae8c2-8e45-bb40-ce40-7f7341cf58a0,0,0.002479661607394908,0.00025297182686482965,gig_rideshare,tier_1
6d2e6f86-8461-52ad-c476-38c3248e61d1,0,0.0013085336002591824,0.00012557935951373273,small_trader,tier_2
bef0ac85-072c-7ef8-35e5-b6a35a669a7a,0,0.007966469388572452,0.0009116599595963372,informal_retail,tier_2
ab409a74-9c09-9d14-bf67-ec66d37e3b7b,0,1.3792035614838085e-07,4.888312859958913e-08,small_trader,tier_1
5efea0df-6e94-848d-b1eb-a12e8258494d,0,0.38443916770390574,0.09646742477031522,freelance_digital,tier_2
93bc1e48-1df8-2752-bade-70bfa4247fda,0,0.9852630357040307,0.9465777561343471,gig_delivery,tier_2
d87fc362-db46-7cc5-51ec-924049111dd5,0,6.857988911517053e-05,4.9848510688154025e-06,informal_retail,tier_1
25630cdd-08ef-9acb-4fec-64840dea9ef8,0,0.0070761762298029345,0.0008001280161811824,informal_retail,tier_2
9d938602-6dc9-d55e-b19f-a944fbc0803d,0,0.0006345857591807726,5.686524565434268e-05,informal_retail,tier_2
eaf0a6a1-4da2-d6e4-6a1a-eddfba25094f,0,0.2336534312735897,0.04646727935124427,informal_retail,tier_2
87d2b4cd-6c21-823d-f4cd-34ebbc852462,0,0.00894431591328205,0.0010357284242228618,informal_retail,tier_1
34ee5aaf-38a2-0a5d-b83f-7dfc047350be,0,7.380535750506707e-06,4.352022558823776e-07,small_trader,tier_1
1caf294a-ef02-61ea-e771-61204e781916,0,0.31604624888569804,0.07131764350196752,gig_delivery,tier_3
0cab8808-2ba7-39d4-f6e5-d3b7731a66c2,0,0.00031904314010073627,2.6794861159649756e-05,informal_retail,tier_1
d254578e-9c40-079d-8371-b2f20a6f7ebf,0,0.08510689262281587,0.013126620254104392,gig_delivery,tier_3
af7b040a-b90f-b997-1170-24a916e1e3be,0,0.005445234049988394,0.0005998050441300492,gig_rideshare,tier_2
8f17df75-037d-f7bc-bcb9-c2c7286b9170,0,0.03206058260955496,0.0042803885252732385,small_trader,tier_2
e27b6bda-a057-139a-4d9b-0c22774ae61e,0,0.00035276416667692675,2.9908521510568642e-05,small_trader,tier_3
c0ed33e4-1c01-0e3a-6ea7-a4f41ec360c5,0,0.002059837166710862,0.00020643109075499158,gig_rideshare,tier_1
29ad7c9c-1054-ebdd-8cbe-6d9b98df897c,0,0.005624310074356153,0.0006215231420890977,gig_rideshare,tier_1
37f6af24-3aae-3270-bc63-5cf31e3c6c02,0,0.009328053098223868,0.0010848357322276669,gig_delivery,tier_1
8979257e-9f7e-b3eb-d55b-2e88dcaa0fe6,0,0.03222833726209114,0.004305599761105235,gig_delivery,tier_2
a77809f1-9c0f-d8be-5291-2bb59447cd55,0,0.016951532490649193,0.0021006204118246053,gig_delivery,tier_2
0c1c9c77-8271-451a-0ee3-b9837c34292b,0,0.0293549755184586,0.0038766034067865365,freelance_digital,tier_3
69eb346c-4dd8-4b8d-55fa-a83291c907d0,0,0.0054062535381515855,0.0005950872982301431,gig_delivery,tier_2
95d8e500-72e2-9800-15cc-b584553966f5,0,2.7881878492029077e-05,1.8624677819639899e-06,freelance_digital,tier_2
6a9e5a79-9d9e-10d2-7ac6-114e2217fa41,0,0.01080844235804695,0.001276335596775705,gig_delivery,tier_1
1a8bc4d4-7133-2cd1-2362-87ef1448dec0,0,0.007061092858799071,0.000798250901490358,informal_retail,tier_1
b29fd3dc-ca17-6aa8-f779-fdede0ce251c,0,0.0347509181103239,0.00468711840051756,gig_rideshare,tier_3
137bfe1c-483f-43c3-2cb1-b278b977d01a,0,0.0031144784548631154,0.0003248055859798847,informal_retail,tier_1
af341936-1e53-63aa-c846-856d894754c9,0,0.004433130170132939,0.00047851455085969773,informal_retail,tier_3
65ef7a4e-172b-9463-38c1-a0f6583577b8,0,0.00900982567636855,0.0010440955564621488,informal_retail,tier_1
4a2cbc63-b41b-56bb-3183-995005245467,0,0.0860910982044934,0.013305992392930658,freelance_digital,tier_2
7ff05d85-672f-7fb7-858a-22eb9be12edd,0,0.006682105936705688,0.0007512289033156464,gig_rideshare,tier_1
5cff9c7e-4edf-aabb-d7a9-784260199c89,1,0.9979697521412069,0.9936744182247144,daily_wage_labor,tier_3
a2a2cbab-65ef-2b57-d748-32658f4531d2,0,0.04553294797590542,0.006366175461454637,gig_delivery,tier_1
cc502905-b75b-04ac-2da6-9ae758ed0379,0,0.02989172666509195,0.0039562793354075395,informal_retail,tier_2
6ff6e0b0-d865-e2ae-08f5-5202b7653e8e,0,0.058063675378012755,0.008409041174381791,gig_rideshare,tier_3
9f46307a-58c9-d359-f1ab-bb4dd2abcd7a,0,0.037174452235772926,0.005057821040371172,gig_rideshare,tier_2
2c8dc130-3f04-5d1a-93bb-5b1110f86264,0,0.0005987132949801265,5.3356715036994765e-05,gig_rideshare,tier_1
966f3300-7259-9656-9f1c-5a3ec611f4e4,0,0.1195427552415042,0.019718309244490383,gig_delivery,tier_3
02f0bc91-5139-6a8b-e741-d81fa2c20f33,0,0.00038284299348047453,3.27098207935442e-05,small_trader,tier_2
1512c690-6d7a-4bad-0435-67bb53ca3fb4,0,8.375312925622154e-05,6.20307233480083e-06,informal_retail,tier_1
0f20311e-b32a-e7ff-1fe3-b5e7b4efc457,0,0.05535719436300614,0.00795984975666622,informal_retail,tier_2
30c70505-687c-faee-6f81-c140b417af59,1,0.3102066645437376,0.06937551522516007,informal_retail,tier_3
2141910d-c5da-c01b-97ff-9e4123b8f0dd,0,0.0007162125278917676,6.49178380230943e-05,small_trader,tier_2
857e1271-43be-a62a-bf68-be72efc8da8b,0,0.0007635965941208932,6.963326802525381e-05,gig_rideshare,tier_3
4d3d867f-06dd-5d03-97af-4c5b7a7f0efc,0,0.012847678254300577,0.0015450122696071967,freelance_digital,tier_2
86e8a868-c10f-1a46-a681-30de9c2d7a67,1,0.9970576974399061,0.990528614609617,daily_wage_labor,tier_2
7435a9ec-498e-bdfc-f879-8925e5fa901f,0,9.750726854790116e-05,7.32561574457275e-06,informal_retail,tier_1
d4d3eca7-c346-4579-4960-fb760bec801c,0,0.11704106210328236,0.019217501884774984,informal_retail,tier_2
641e79a5-8122-5acf-2ff8-9596349585fd,0,3.1823320070359457e-06,1.73408959129155e-07,gig_rideshare,tier_1
13283fe2-9c2b-9a6e-b8a3-04a2957315d3,0,0.057178361729558945,0.008261633481558546,gig_delivery,tier_1
ba924fdc-d230-2cda-2b02-3d7b6a33f943,0,0.0032456704589927552,0.0003398440600238821,gig_rideshare,tier_1
f2871e56-6d45-0879-bc6b-ce605e2f34e6,0,0.010202907653227561,0.0011976230581601552,gig_delivery,tier_3
0c706332-4a66-e259-a912-cc9b175b4255,0,1.0190942756557362e-07,4.888312859958913e-08,freelance_digital,tier_1
9ed6bea6-da79-4ae5-ec29-6a5f743d2db4,0,0.2770624261683611,0.05889755514362369,gig_delivery,tier_1
1bdc0971-bea4-7190-776d-f5c82bdbc7b4,0,0.01262920290352133,0.0015159745578100891,gig_delivery,tier_1
dd0026e5-5627-5976-4eae-4bd45cbd2af3,0,0.014511079052256577,0.0017679570977427823,gig_rideshare,tier_1
f88046b6-f94e-36e8-37a5-990b0ade8a82,0,0.6982722056446268,0.30908716655230484,gig_delivery,tier_3
a4055f04-e52c-ff29-cf51-ff52527bd707,1,0.9722206743201917,0.8972137955643807,daily_wage_labor,tier_2
0a76ac38-ab20-6248-d7ba-07196dc69408,0,0.0040000934751702,0.00042744711519662835,gig_rideshare,tier_2
57698607-8a72-e4bd-b3d0-22a3d4ec86d1,0,0.04316878141724679,0.00599154355166528,gig_rideshare,tier_3
a6708069-aa75-8e1e-0958-e3f19435681b,0,0.07699586430031788,0.011668713767830997,gig_delivery,tier_1
b6588518-bb8b-803f-d5e8-a934ac157722,0,0.34033791650299805,0.0797264085095695,gig_rideshare,tier_3
02880082-92d1-0441-4286-44b358d79219,0,0.09510333088984224,0.014973192871596581,gig_rideshare,tier_3
e7bc2782-1238-a9ec-e477-5006b497cdf9,0,0.0035131456245627297,0.00037069099156188015,small_trader,tier_2
5a9641d7-e82a-2a9c-96b0-1d75c8e7c18e,0,0.23805136929489185,0.047664384890003485,gig_delivery,tier_2
ecc14a5b-cbd1-42bf-7aa0-125ae69fd4e0,0,0.012339395127356505,0.0014775469078576104,gig_delivery,tier_2
58cfcaf1-43c1-e5a9-774e-7d908f17813c,0,3.8880542403645796e-07,4.888312859958913e-08,freelance_digital,tier_3
58e90136-b634-da6e-a4fe-9bb92fbcadae,0,0.06792979577077193,0.010082421554096404,gig_rideshare,tier_1
73848128-e2d1-013a-5fe2-d80884386114,0,0.029282677177169397,0.0038658878201732897,daily_wage_labor,tier_2
33800604-84de-1b3e-2537-ef857bdbda98,0,1.1608045320895614e-05,7.141925775903351e-07,small_trader,tier_1
28dff1e6-747d-8278-eca0-d0ea218e88b4,0,0.08807671937975856,0.013669493136195945,gig_delivery,tier_2
635113ce-07cb-4829-924c-92784b37c811,0,0.006787641062584197,0.0007642950865503669,small_trader,tier_3
ce3ca435-bf81-ec56-d8b4-cbd89496bc23,0,0.002505102974295082,0.0002558185936674104,informal_retail,tier_2
e20f74ac-d47f-31a4-ae77-233cf9c675bc,0,0.007134309766085558,0.0008073666911969123,freelance_digital,tier_1
6dad7d5d-331a-7f3e-894d-fa0e4cc9f488,0,0.0013579044952538833,0.00013077743724597285,freelance_digital,tier_2
fe7ac89e-fc89-3497-38eb-cef07ee908ee,0,0.18156555290463697,0.033270797545918225,gig_delivery,tier_3
219bcff3-8a38-5668-7d2b-d056bf8616f7,0,0.010379233602902334,0.0012204901886575957,small_trader,tier_2
34d6dac8-c84f-e33d-6f85-176e7ecc3b4e,0,0.16164042390862432,0.028673290815173447,gig_delivery,tier_3
6d476307-5387-2d69-db7f-434097e5b642,0,0.02457077682370093,0.003176212593364998,informal_retail,tier_3
f7688d5d-d9a2-af17-91ca-48eb7586d97b,0,0.06422333955875485,0.009447233347190229,gig_rideshare,tier_3
bf4869e7-b637-b05e-6f26-893baa8fc8f4,0,0.5614807035342121,0.18971982314769786,daily_wage_labor,tier_1
65a28fb1-560f-92bf-618a-67849a3fa0ff,0,0.06406331535870402,0.009419985581458219,daily_wage_labor,tier_2
ecf48bba-d081-39f2-e4e9-0061142fdbca,1,0.9978001151260847,0.9930968198098696,daily_wage_labor,tier_3
cb5fbf1a-c64b-5d8c-8318-143fea2b21c5,0,0.8591734772418554,0.5636306778761739,daily_wage_labor,tier_3
e14e2a04-17ed-aa2c-8839-e774b4a6428e,0,0.10967517346500942,0.0177629743652563,gig_delivery,tier_1
64ef8556-c632-fa9c-5c88-90b85a327854,0,7.469689920675778e-05,5.4732064590497515e-06,freelance_digital,tier_1
02f65b58-2f35-9a20-7663-3dc4bed1e820,0,0.0027774239272330783,0.00028646373338334996,gig_rideshare,tier_1
d5a08520-3850-7f44-4cb9-13841ee630da,0,0.44715087407985316,0.12408628657495835,small_trader,tier_3
a974ff29-d6a7-996e-fd7e-5f6acfe50f90,0,0.007863502422388143,0.0008986887300855081,small_trader,tier_3
155a2536-c5e0-267c-b6ec-b9df788264cf,0,0.030415265745924815,0.004034200283489442,informal_retail,tier_2
e3bfc1be-baed-088f-64c9-9401387f035f,0,0.023867728721184703,0.0030748281484203406,gig_delivery,tier_1
fcd418ec-68a0-930d-482c-0b2cd0e4c248,0,0.00022378685909708217,1.817799387352912e-05,small_trader,tier_1
9c719205-7a26-73bd-5ca5-7bd82adbb1b6,0,0.015244400537235876,0.0018672456879829495,informal_retail,tier_3
59800101-8ba4-1a8b-b949-974ba22e6bc3,0,2.040306351598463e-05,1.3235328271619992e-06,informal_retail,tier_1
898dc187-7322-6ad5-e9e7-206df621ac31,0,2.8743161271802078e-05,1.925489741245533e-06,freelance_digital,tier_1
09d7802b-26aa-3505-7a00-8d3ba28bec0e,0,0.0008265456003265642,7.594066079987574e-05,gig_rideshare,tier_1
91212f47-335e-a96d-c0e5-5c5c58ff8239,0,0.02396375002539359,0.0030886509626344046,gig_rideshare,tier_3
70871103-4ae9-baa7-0c81-a527a3e59706,0,0.0072350260963406085,0.0008199226275262924,small_trader,tier_2
726daa68-2055-1241-dba6-ee95523ebd75,0,9.656112160711035e-05,7.24789251033707e-06,gig_rideshare,tier_1
32bc379b-9ac7-13f4-4e51-8088b6224369,0,7.314725291064519e-07,4.888312859958913e-08,small_trader,tier_1
ee3d9aa1-9d8c-ce57-3212-4993835e842e,0,0.6329692562740549,0.2448833766295551,daily_wage_labor,tier_3
eeadadfb-94b2-e320-c5af-50e6aa09afc9,1,0.9989592118879748,0.9969475627668957,daily_wage_labor,tier_2
28e66d54-b76b-28f6-d7f9-a37922b93b6e,0,0.03561132731143942,0.004818265399132048,gig_rideshare,tier_2
9bbf922f-3f7c-8546-78f6-ce37325e183e,1,0.9615906688133314,0.8581747163505652,daily_wage_labor,tier_1
374d020d-c0a8-ca52-0898-887a03010107,0,8.89218075769897e-07,4.888312859958913e-08,freelance_digital,tier_1
6618797e-2b74-8320-83be-5181161e36d4,1,0.9965612322179036,0.9887810657032079,daily_wage_labor,tier_3
5fad2ec9-e78a-688d-60c3-b6c08e2936c1,0,0.10001507983879793,0.015900558711005645,informal_retail,tier_3
931a6386-85a9-9d75-1bfc-2bc87bb12590,0,0.27091852832593427,0.0570525658150198,gig_delivery,tier_2
ffe47be4-d0a2-58a5-643c-d9b3e72a6829,0,0.012414075812247419,0.0014874393518934724,freelance_digital,tier_3
660d52b9-0273-74bc-925a-21122f37f8fc,0,0.011853492094443627,0.0014133545225273067,gig_delivery,tier_1
fc1c468a-2454-20fc-9006-fe58b755d05d,0,0.4869735978188816,0.1444017866011436,daily_wage_labor,tier_3
47c5f79b-f4f1-0fb4-e885-289bd800bd32,1,0.9937222596077672,0.9784877239387973,daily_wage_labor,tier_1
9517c895-c54e-dfde-c709-f58abc2daecd,0,0.008127459585829607,0.0009319771015495696,gig_rideshare,tier_1
1611b569-b35f-2b79-b1a7-b9722ed5ccde,0,0.0006843597317333261,6.176454175482754e-05,freelance_digital,tier_3
0bd84b6c-60dd-cc97-af80-518e8c2f6225,0,2.9339740935041675e-05,1.969247159680161e-06,freelance_digital,tier_3
6a2c87df-9298-494e-cb02-45531d37031a,0,0.21594492765726395,0.04178146253386391,gig_delivery,tier_3
e5813af6-1dd3-c17a-871f-2d36bea1f85e,0,0.00726033652450409,0.0008230809440563509,gig_rideshare,tier_2
0b527b7c-2d57-81c0-7c01-92a28695f9ba,1,0.846567877088949,0.536428033168699,daily_wage_labor,tier_3
95448852-6c82-ab3b-d673-911fcec5f72b,0,0.010608346202397211,0.0012502686551710662,gig_rideshare,tier_2
a2ade76f-dba1-6865-7ff6-c8269cb8b438,0,0.014181467367619756,0.0017235246563095533,gig_rideshare,tier_1
0fa41482-a4c3-a27a-0ed5-ad569d6b6f60,0,0.34217273498668765,0.0803839010743629,gig_delivery,tier_2
d703fa43-6ceb-5c63-4a41-c5ea494b1209,0,0.00671501425196472,0.0007553009061687531,informal_retail,tier_2
d4d96b77-22ed-3040-2bb0-c7b8734d9bce,0,3.2101032560307415e-09,4.888312859958913e-08,small_trader,tier_2
315dc2a2-a844-eb65-ed54-e4694d225ec8,0,0.4714558343342337,0.136199783981497,daily_wage_labor,tier_3
029591ff-33fd-fbb0-ed49-3adf303f4bf1,0,0.2726462939110293,0.05756844527268387,gig_delivery,tier_2
0c14e67e-e309-dfc5-4de7-da68bcd52976,0,0.42328230184334137,0.11299301961529414,gig_delivery,tier_1
c5d89a8c-94d0-132a-cc67-42cb987fd8a1,1,0.9961023343733593,0.9871483695473633,daily_wage_labor,tier_1
703f2cba-db3d-3e42-ec01-c8e8a00e39f9,1,0.9840512688956421,0.9419608535425835,gig_delivery,tier_3
98f84d99-57fd-75ff-d94a-6353111a33a3,0,0.007321684387532791,0.0008307410249945266,informal_retail,tier_1
0e37757e-79ab-9ae7-bc2b-9fad2d868d6e,1,0.661610463913579,0.27114663756214963,daily_wage_labor,tier_3
215ef6af-291c-7517-fec4-71c4abe8de05,0,0.00016796610057215198,1.328060333706101e-05,informal_retail,tier_1
b1304357-25c1-71ac-2ee3-f42d144cca3f,0,0.0006072745367273337,5.4192283471035286e-05,small_trader,tier_1
60e3ebbd-6912-3d75-41f0-e742549d8e51,0,4.895891631196444e-05,3.4478394093879317e-06,freelance_digital,tier_3
95137568-4ea6-df7f-1850-cff641bc1b46,0,0.06521578223664268,0.009616545773916263,informal_retail,tier_2
79768e97-fa95-8206-1751-785b26a4548b,0,0.19538066925013226,0.03660057086752808,gig_delivery,tier_3
9b91ed18-0ddb-c78f-e40a-b37c7e26f49b,0,0.23327569530309133,0.04636508944121466,daily_wage_labor,tier_1
51a70e42-c982-bd3b-a07b-8351566b48b4,0,0.03082883784792323,0.004095897177886366,gig_delivery,tier_2
21319a2c-0456-f591-155a-d0bc867de437,0,0.00010568974539261636,8.000678075860358e-06,freelance_digital,tier_2
97f19ffe-7b3b-c274-70ef-de2306dd13e9,0,0.33074475852710494,0.07634071126692142,freelance_digital,tier_3
1b0bff5c-cba9-44aa-70ef-c57204271bdd,0,0.001259547366028016,0.00012044041354663473,gig_delivery,tier_1
6f414481-bf6f-868d-1a84-4da47b864ac9,0,0.0007573364502027304,6.900865181891033e-05,gig_delivery,tier_1
b67a1d9f-61da-ce31-d2a4-fd4b0fff5c8e,0,0.005913671878860535,0.0006567684664601946,gig_rideshare,tier_2
ba561a0b-8332-3c5c-09d8-77ceb98af949,0,0.2535428394908686,0.051990480358534576,gig_delivery,tier_3
1967140c-61bd-b3e9-8ebf-d32d51da70c0,0,5.005578723083869e-06,2.8460058387375063e-07,freelance_digital,tier_3
cdaf3abb-a3a4-b3d8-f6c6-730fb3dc228a,0,0.02913478826734974,0.003843980915946785,gig_delivery,tier_3
d41ce776-d1de-f661-d707-d64adf0ee140,0,0.009302779580971634,0.0010815944516334023,gig_delivery,tier_2
6dd700fd-855c-7dc0-1c3f-f4ef8e355ac6,0,0.005958245024153852,0.0006622139291580584,gig_rideshare,tier_2
ceb0b811-61dc-dd5b-3402-fecd6de17842,0,0.43940323607110915,0.12040176274400602,daily_wage_labor,tier_3
928de6bd-9d51-9296-2bf7-406a92f91db6,0,0.771290580722502,0.4031068774125172,gig_delivery,tier_3
af4973c4-dcb2-ff9c-7181-ba56b3945e83,0,3.1535580898581592e-06,1.7169466140463525e-07,small_trader,tier_3
49803495-8c5e-5128-6dc1-5a1158a4e755,1,0.9984956459426348,0.9954374650148466,daily_wage_labor,tier_3
16a8c0d7-2e2d-3aac-d49a-bb8cbcbf1a44,1,0.9856818897247778,0.948173191899438,gig_rideshare,tier_3
69678a7c-baf4-2870-be07-d5f835fd623c,0,0.01850050251412615,0.0023149446532530066,gig_rideshare,tier_1
095d78f7-4a8f-5727-b1f6-78dd53267e97,0,0.0059546105986556545,0.0006617697540964842,gig_delivery,tier_1
51843678-b2a7-ea9d-9a8a-ae35418f6f6e,0,0.7931799704863545,0.4373597553716395,daily_wage_labor,tier_3
c112e8bf-2122-6602-2d88-54c38936e7b2,0,0.005354312163514473,0.0005888064141593808,gig_delivery,tier_2
267b006a-b66f-8b31-fb03-8a029b92dad0,0,0.8595686258505687,0.5645101042162055,daily_wage_labor,tier_1
558d9a2c-6811-53d5-fc00-267ab07ef9e6,0,0.14690141648672675,0.02542316733659699,gig_delivery,tier_2
aaa54ece-43e5-e55d-ef7b-d28ccedf4424,0,4.377805427785578e-05,3.0507892502639908e-06,small_trader,tier_2
6dc20fa5-35c1-914c-627a-4b3c0b20fe95,0,0.8108801683035967,0.46757510518704515,informal_retail,tier_3
742b2055-e389-a824-a39b-6917f53b47f4,0,7.578109104943531e-05,5.560165528112865e-06,freelance_digital,tier_3
28b2ee34-fe86-7045-2496-a4d2e281a21e,0,0.0030733123901879596,0.0003200996215620582,gig_rideshare,tier_1
d362a85b-1dd8-be9c-7e06-c4505ea48539,0,0.20776225608092838,0.03968711998144781,informal_retail,tier_2
9117b2fb-24c3-0ddd-1f02-3fe435c8a838,0,0.00026775076189801113,2.21191913675983e-05,informal_retail,tier_1
876e0850-52e5-51fa-da67-0ac3ade69a80,0,0.033858549822880946,0.004551643063889568,gig_delivery,tier_3
399e0b95-9257-d228-31c8-01497192158c,0,0.007758156522063902,0.0008854368635212346,gig_delivery,tier_1
feff8791-823a-496a-5642-7e64e4990384,0,0.12206120326454734,0.020225966777605794,gig_rideshare,tier_2
fe2d2aea-c533-f94b-533c-ee380a48ba39,0,0.008298529099212857,0.0009536143401440029,small_trader,tier_2
16cecf05-80a6-396a-1fdd-255424af0a46,0,0.06899000485638049,0.010265545333832638,gig_rideshare,tier_2
70cfd17f-1dbb-c87a-cf7f-736a58035627,0,0.003171357108815784,0.00033131795104667937,gig_delivery,tier_2
f13844b5-1855-34e5-b24b-7e96245630d5,0,0.15275641803747914,0.026699189334407594,freelance_digital,tier_2
1a81a9d9-ab40-8196-52f7-875e28180d33,1,0.976967501350283,0.9150515959055423,daily_wage_labor,tier_2
b3b82378-cd43-b73e-aeba-5e4fae499cfd,0,0.0007577826802542888,6.905315893026628e-05,freelance_digital,tier_1
b696a8eb-1ca3-7250-cca1-c30285025718,0,0.00013691514588085428,1.0619545110885334e-05,small_trader,tier_1
5e1a498b-4293-0fe2-31d4-5aee4dcb1db9,0,1.1749848393879752e-05,7.237411669463058e-07,small_trader,tier_2
7606a50b-82b8-754d-2d4a-2753ec4af560,0,0.0009886908181505221,9.239242650041812e-05,small_trader,tier_1
04dbc5a2-0b92-cd54-a9ea-1d6193bcb420,0,0.21327819563370728,0.041094080687973156,gig_delivery,tier_3
550458bc-4275-e125-8568-3ecf9c2c6ce0,0,0.0053812215253298745,0.0005920595771190831,informal_retail,tier_1
9ed8f115-9626-4f81-8b66-533c65f395bb,0,0.00577599996181526,0.0006399764781862774,small_trader,tier_3
374d1a57-4b0e-f14a-d212-5d216bcdf9c1,0,0.014425951724631283,0.0017564699705904067,informal_retail,tier_1
bccb972d-549d-ac47-9ef3-ac4282917871,0,0.15144757034104936,0.02641222862949987,gig_delivery,tier_3
6f26428e-e6a9-7a1f-b464-352ebcfa0794,0,0.012683823227843349,0.0015232286945387427,gig_delivery,tier_1
101e37b2-51be-3e24-00a5-7d2c6256ac71,0,0.0032879403159875964,0.0003447024942587841,gig_delivery,tier_2
4aa5c5ed-9d83-51e0-dd62-0fc653a898c1,0,0.006941050298458036,0.0007833270357286182,gig_rideshare,tier_1
33061e39-4f15-2f02-fb93-0cf820d86d48,0,0.02793173271412548,0.00366638617237253,gig_rideshare,tier_2
a597c5c3-06fc-918e-7b53-df680ab923cd,0,0.00038574692508036454,3.298139964688933e-05,small_trader,tier_1
6b4db961-5d65-e5e4-d25b-96e846bfc24f,0,0.05814370813146799,0.00842238948326447,small_trader,tier_3
04c4529b-a7c3-a725-61d6-60b068927ff4,0,0.001295726154765511,0.00012423396576068043,informal_retail,tier_2
1f841349-7e41-ddc3-f916-bf3b39373617,0,0.3730037638377686,0.09193196920635255,gig_delivery,tier_3
40d96191-b318-0140-addb-0743c7de6f59,0,0.015204397254048724,0.0018618141645932247,gig_rideshare,tier_2
ca779dff-a01f-170a-0b3f-27200e8edaf0,0,0.6273384732786048,0.24002957357846402,gig_delivery,tier_2
0b5a37fb-b2bd-80d0-c94a-e4b82c025262,0,0.27905394061180555,0.05950192856129819,gig_delivery,tier_3
3fbd5db8-0357-e968-946f-609a579f77a6,1,0.7675738325695606,0.3976053815697918,daily_wage_labor,tier_1
fad23078-5c94-dd46-9bc5-7ec0a3386a87,0,0.22450648657877348,0.04402035496399479,gig_delivery,tier_2
d5c0de35-534f-8b8e-238b-f715592dacf5,0,0.11493378694225599,0.018798332154978146,gig_delivery,tier_1
c899eedc-f789-dcd7-d033-e60d2ba8907f,0,0.0007590863462985214,6.918320124594082e-05,gig_rideshare,tier_2
ce293e8c-49f9-6e5b-f82a-ee4a7c1cebcb,1,0.7374341661855541,0.35603004213251355,daily_wage_labor,tier_1
fb23aa1b-b633-29c0-40bb-b5de8a595e69,0,0.4079833277658824,0.10626895074832526,gig_delivery,tier_2
05647317-1200-838b-4e36-4938938d3f2b,0,0.20900889724475213,0.040003363280298104,daily_wage_labor,tier_2
1293b554-50ef-b509-10ec-45a383401810,1,0.1998432353251222,0.037701720677909105,informal_retail,tier_2
ee94f6f3-a19e-8b62-163a-bdb037eab22a,0,9.074722569799425e-07,4.888312859958913e-08,gig_rideshare,tier_1
226d3bb2-853f-06e3-c5fa-249fdd4be757,0,0.21832240438669803,0.042398262666442574,gig_delivery,tier_2
cee34b0d-44b3-43c9-e508-8e63132b85fe,1,0.7659179251179677,0.39518222829140875,daily_wage_labor,tier_3
bfe0e9f6-3962-c858-4cc3-25fe8e52ea21,0,6.63533813852831e-05,4.808091690776886e-06,freelance_digital,tier_1
2b39a6bd-75ab-2988-0f4e-ae335b7b58d8,0,0.034265982177048585,0.004613428638546922,gig_rideshare,tier_1
185aa4bb-7086-f520-bcfb-864718e32ffd,0,0.002940299763294528,0.0003049373139138273,informal_retail,tier_3
10144e6a-71ae-a372-4445-d6329d77a9c7,0,0.01734938639879301,0.0021554422393283866,gig_rideshare,tier_3
cc03bae1-c0bf-6658-7aa5-6cbe38835d91,0,5.0363095643247397e-05,3.5561526972931053e-06,small_trader,tier_1
e295b407-4d14-bf25-074e-5707740d3f73,0,0.003709291030894255,0.00039346309070379624,small_trader,tier_2
8b2d46c5-aed6-dfa5-58a4-41656358eb79,0,0.0011804165049844487,0.0001121799568112023,gig_delivery,tier_1
cf25936f-cee3-26c3-05f2-b0d1b1e3fc8f,0,0.15297723394571158,0.026747700167757585,informal_retail,tier_3
7aa6ea58-1712-2212-f936-2319be3fa5bb,0,0.7548254883583536,0.37938030996957206,gig_delivery,tier_2
7cd81600-e4af-b1fa-98f1-23442562bf4e,1,0.4931046934630435,0.14774913598224962,informal_retail,tier_2
4fd38710-46d6-f097-3fb6-ed37fb12134f,0,0.055829019494056914,0.008037847916016192,gig_delivery,tier_1
afd848cc-5172-f6c2-4ea7-cc4ee5f31927,0,0.7925310701555051,0.4362965750958731,daily_wage_labor,tier_2
d233becb-af5f-41c1-b411-2ac7554e9ac0,0,5.5839722802285904e-05,3.981250910701122e-06,freelance_digital,tier_1
61dc2e13-2a80-0ad1-a298-ef8291326598,0,0.0008709755184794668,8.042035690994294e-05,small_trader,tier_3
203e6789-ae38-d235-b482-595fed60b2f8,0,0.19766673486584233,0.037163084752122016,gig_delivery,tier_2
261aa132-add4-ee2a-9e34-2243dead70ea,0,0.005212889261556623,0.0005717373744432245,freelance_digital,tier_2
da92b89c-1ad4-6d9f-d3bc-e669e483b0ad,0,0.40929911156479554,0.10683593086055675,gig_delivery,tier_3
cf7a6cae-e588-9fb5-79ae-65d9d044b372,0,0.016159589923481408,0.001991976934878846,gig_rideshare,tier_1
45f7d647-9479-1ad7-b9c2-3ec665ebbef6,0,0.0002886621121386558,2.4016040317990417e-05,small_trader,tier_1
33f999b4-19c0-180f-9420-5ce4e9ecead1,0,0.17783426100700764,0.03239165263681087,gig_delivery,tier_2
ff996ab2-858d-cb3a-fb91-bc0af2029703,0,0.3163617228329064,0.07142341669066576,gig_rideshare,tier_3
e11b08d1-b24c-c360-90e9-03ae3a0bcbac,0,0.013439657251613954,0.001623982981523322,informal_retail,tier_1
a60de4c5-b352-f8d0-0abf-b93176783134,0,0.8314667707247309,0.5059000768485054,daily_wage_labor,tier_3
cb566b3e-d078-b013-3376-5d68907bd32c,0,0.04463453935031618,0.006223395570111782,gig_rideshare,tier_2
7bbd25f4-e9bf-b3e6-6783-fbf355ea20aa,1,0.5718915753103088,0.1969519749885389,gig_delivery,tier_2
e5d827e8-e044-c0e7-f76a-61cbf81589de,0,0.1487708786646628,0.025828449120335436,informal_retail,tier_2
1445ab3e-1cf7-be13-0b37-2ba47cb3662b,1,0.996367549478253,0.9880938486259843,daily_wage_labor,tier_1
a41cca0d-9f02-65cc-1c76-3c537b7126e5,0,0.06890520751619644,0.010250875436691613,gig_delivery,tier_1
496764e2-9043-8b38-646e-dc044805c484,0,0.050007636295338234,0.007084783687274283,informal_retail,tier_3
2c69294f-ea90-d06c-1b34-58600b8bd660,0,0.05911644443928436,0.008584926462536238,gig_delivery,tier_2
a61bd5b5-4027-e265-5dec-5bed9e2817b2,0,0.4238274423113653,0.11323802441277193,gig_rideshare,tier_2
769e690a-d930-21e6-e58a-6ab08b409ac3,0,0.006541585847808492,0.0007338653239932358,informal_retail,tier_3
cd3fc8df-d714-ecbb-940a-e6b415430bbe,0,0.021695378851598498,0.0027641916473157484,small_trader,tier_1
4be8dbff-bf3b-d164-134d-6e569e4aeccd,0,0.06637657518056797,0.009815290812411177,daily_wage_labor,tier_2
5bbef42d-dc9d-d925-a60c-b1c80d624891,0,1.9229205456178405e-05,1.2404688520639719e-06,small_trader,tier_1
191c7770-fa53-c3b0-1e0b-ffa22fb1c59c,0,0.5473338685644834,0.18027669095258209,informal_retail,tier_1
cf823b18-a3ce-56a6-8a32-ce3b883abe39,1,0.9979364142332814,0.993561214787497,gig_delivery,tier_3
17f51639-d9e8-8d0e-b20e-8ca778c92ecb,0,0.0003353827431953974,2.8299902289198057e-05,small_trader,tier_3
08848443-3e6d-d8df-8663-1adaccbe4009,0,0.0007052381884498717,6.382988558924647e-05,informal_retail,tier_1
ed6f64f4-ff77-1188-1658-8e09472bcfe8,0,0.03127843099429473,0.004163109775157316,informal_retail,tier_3
ce746b26-7bc5-c155-cb6f-90feacc53f0f,0,2.5569642409948105e-05,1.6941938273363887e-06,gig_rideshare,tier_1
a3848ad0-ac30-9845-9c8a-aba4787f3dc1,0,0.023349965047444424,0.0030004258771103385,informal_retail,tier_3
55d5f487-73bf-3d9d-3c55-1f372f92767b,0,0.0003322349450900123,2.80094090373393e-05,freelance_digital,tier_3
a64e8303-d514-f6e9-7112-739c1a13f846,0,0.018997441671675476,0.002384199640387884,gig_rideshare,tier_1
f8dc2013-969f-6544-7db6-6237751f7764,0,0.00041338158366519993,3.557531991455132e-05,small_trader,tier_2
6f4c8c74-1e67-f08e-8b24-3219e419e021,0,0.0012610522457029193,0.00012059800191984051,informal_retail,tier_3
27c31e3d-c17b-fe9c-4ba7-fa1285f7bd6c,0,0.00024143693381770687,1.975221689153128e-05,small_trader,tier_1
4be81567-de3e-eb2c-2c67-ed00da4aba44,0,0.0008723156351377973,8.055582053603569e-05,freelance_digital,tier_1
a13f2f72-c88a-e15f-f723-d54eee63bbe2,0,0.0421035776672821,0.00582390966841904,gig_delivery,tier_2
437593a3-353a-7ea9-638d-df9c0eb2c310,0,0.00566343489413381,0.0006262778274003184,gig_delivery,tier_1
5b7d3d62-3e4c-2c2b-ad46-1b928f2d2989,0,6.076569922064822e-05,4.366982800436534e-06,gig_rideshare,tier_1
9330af2b-9af2-04f9-84ad-a10db68b2359,0,0.0015080019295122867,0.00014669041067492472,gig_rideshare,tier_1
8edca862-c13e-4855-6f59-bda7cacac43a,0,0.00921502189091525,0.0010703473016057939,gig_rideshare,tier_2
daa9a968-2e75-1507-3604-8c06336cbcd8,0,0.0006556247297373985,5.8931832476632613e-05,small_trader,tier_1
da8c2b71-14da-ca25-1f2d-5625644bbeeb,0,0.0008962579422321914,8.2979314927752e-05,freelance_digital,tier_2
3cb9684a-6e38-37f3-735c-95ac51635bd9,0,1.0538695650278845e-05,6.425470211645545e-07,gig_rideshare,tier_1
f041714f-026a-07ae-e879-f829893984d8,0,0.004013372686296271,0.0004290050782625347,informal_retail,tier_1
cfda2ab5-4a96-3ac9-c94d-c8146ffd8eac,0,0.030624063744598088,0.00406533317018791,gig_delivery,tier_2
257967fc-8c4d-ad03-69e7-0a54f7f4d4f0,0,0.0059894923253309305,0.0006660339356672998,gig_rideshare,tier_1
fcda1605-6a90-78f5-fc24-2f7a326b4f21,1,0.9252844681917995,0.736974276910039,daily_wage_labor,tier_2
00f53a4d-e602-4bae-1a92-27ccf0d33ac6,0,0.017771357266164065,0.002213760525854816,gig_rideshare,tier_2
28113ac2-5e53-0ecb-344b-ce42e79707c1,0,0.008308751391842681,0.0009549088296388759,gig_rideshare,tier_2
c47e14d4-906d-f9a1-deac-a129f203768a,0,4.0302372013625046e-05,2.78685496881575e-06,informal_retail,tier_1
d88d418c-7fb4-1f67-8839-edfa0bfa06ce,0,0.09333137995534804,0.014641879402616687,informal_retail,tier_3
d2932958-e55f-c8ab-ea8c-431f78b26baf,0,0.0015898560500077104,0.00015543414600554406,gig_delivery,tier_1
9cbfb111-9e1e-69a4-a057-5bf613e52924,1,0.9898012022423238,0.9638156936470912,daily_wage_labor,tier_3
84d81d2e-dcea-9827-b25f-2c84d182f37a,0,0.0004153047042964843,3.5756457437625615e-05,daily_wage_labor,tier_1
42601474-39f2-08e9-9211-69b2d0f0e98b,0,9.946504934472292e-07,4.888312859958913e-08,freelance_digital,tier_1
e54304c9-af04-0f1a-1ff1-95d70e7cfa5b,0,0.0005252233879803265,4.623241456585216e-05,freelance_digital,tier_2
0f32aac3-c735-12f2-7f1d-3d3f17899a58,0,0.006764691863540458,0.0007614519219569566,gig_delivery,tier_1
afb7e346-cca4-766e-c553-5d70ddef0c78,0,0.11334865594822952,0.018484637478080383,gig_delivery,tier_2
0980847c-1e3c-1238-6b5b-0c8fdb3518ce,0,0.08522987679850468,0.013149005087345816,gig_rideshare,tier_3
a36a8531-59a7-1b09-bf6a-cca06232db75,0,0.05750367885614045,0.00831574656739025,informal_retail,tier_3
0d13d619-e5b6-40f5-7824-3b5c5f9934c7,0,0.08349629056873077,0.012834236358222041,gig_delivery,tier_2
3c3e12fe-d789-38b3-de7b-be9b7e81738a,0,0.9277919510747337,0.7447110782830353,daily_wage_labor,tier_3
3a28e085-2d36-713e-11db-b380ffc67a21,0,0.0026668414946221276,0.0002739819983927912,gig_rideshare,tier_2
a8787481-618e-5a11-d425-e8bd8ed23ffe,0,0.0022097997640596135,0.00022295778910362516,gig_delivery,tier_1
3c8580c4-b761-09ff-1d0d-bbcce8faf786,0,0.17429215218887187,0.03156490489980734,gig_delivery,tier_3
729ba044-214b-a280-3c32-ada9f5486c91,0,0.01116894450726917,0.0013234373195736093,gig_delivery,tier_1
be82db73-b699-52c3-640e-838abf95abf7,0,6.394329882990715e-06,3.720092327312059e-07,informal_retail,tier_1
c57d7890-ddf6-2c19-123a-d17d9f2a73cc,0,0.002076196856402768,0.00020822845392470295,gig_rideshare,tier_1
26d47002-0556-2d23-5577-0cf90dbf5bda,0,0.006648490850782555,0.0007470716455226476,gig_delivery,tier_1
ef33c2c5-6c54-0e40-b9e5-785bb9731e08,1,0.6541836999752612,0.26407260146949046,gig_rideshare,tier_1
b2066309-397d-3235-0b74-d27dcba639f3,1,0.28648227895773415,0.0617839949195608,gig_rideshare,tier_1
a1f96085-4658-9a93-29eb-1a5ceb795778,0,5.306931165282464e-05,3.7656954249917986e-06,small_trader,tier_2
e02297e4-6f6c-f5bb-bd3f-4870e847c96f,0,0.2361369279830594,0.04714161850564824,freelance_digital,tier_3
7bf4f9cd-5cb9-c916-79e9-8cc869ddcd1c,0,0.3283563988479212,0.07551114587732237,daily_wage_labor,tier_3
65449e61-e1ca-b345-9f3b-134f53ac2d7d,0,6.80282117107501e-05,4.941003214271824e-06,small_trader,tier_1
4af54b15-f25a-cf24-01da-b538b6bff763,0,0.0071212410558949574,0.0008057388487780704,informal_retail,tier_1
56a35b12-dadb-1654-6b11-74789a654eda,0,0.0009725367375338202,9.074103145713871e-05,informal_retail,tier_2
4463e396-3630-43e1-ec19-9117297a3a93,0,0.023843509522894435,0.0030713428687535855,gig_delivery,tier_1
52baa2e7-e528-e938-0511-9a0a58763692,0,0.010874305365781163,0.0012849277768509357,gig_delivery,tier_1
e2f01af5-1e39-3933-e1a0-f442265f722f,1,0.9962316166552496,0.9876098748257197,daily_wage_labor,tier_2
affaaece-7484-9e78-4639-5f60b11560ca,0,3.078838842642355e-05,2.0758463532658697e-06,freelance_digital,tier_3
ee340c7e-7be0-4c92-3d23-53d15cfc2a37,0,0.011390101141429342,0.0013524193348904818,informal_retail,tier_1
846f9299-bc14-88fd-dcb3-171708d290ea,0,0.01805697155352912,0.002253333646569432,gig_rideshare,tier_2
73816e8f-4621-3f5b-a0c9-d68bb38640d7,0,0.002818979117827036,0.00029116701654352745,gig_rideshare,tier_2
bdf38239-c3ca-2dd5-ab96-5dffeb19e7ed,1,0.9965710763150613,0.9888159169169501,daily_wage_labor,tier_3
12356f5f-fa6a-44ca-0af9-f3f0e2d271b3,0,0.49422169384344944,0.14836568535760722,gig_delivery,tier_1
05da91bc-2427-a894-bb47-03b439a227de,0,0.21672102652345623,0.04198239619660409,informal_retail,tier_3
8013d62f-4374-1e8c-2808-2ee1ac929044,0,0.2733394960696496,0.05777607199364648,gig_rideshare,tier_3
046216c3-0e3a-b434-db61-eb37b1cab36f,0,8.681314414960863e-08,4.888312859958913e-08,small_trader,tier_1
b7a9a0b7-a421-1037-066e-81a199b5d751,0,4.52329798312715e-05,3.161867577598806e-06,informal_retail,tier_2
8da47cfe-d698-5169-dc21-87c736ba1b52,0,0.015199787923552614,0.0018611884357516621,informal_retail,tier_2
e0a45459-bd3f-d66a-3894-8ecd2ffc5a7b,0,9.28210603470879e-07,4.888312859958913e-08,small_trader,tier_1
95a65ec6-1ca0-a8d9-ac1a-ab570d40e534,1,0.6566021217286617,0.26635508255757245,daily_wage_labor,tier_2
e60585e4-9f33-0f36-2ecf-f3c70fdf29e6,0,0.0037510163749391264,0.0003983231990455475,informal_retail,tier_2
19e6c03d-3e0b-2bec-27f6-8a85b186d83e,0,0.01639341726752164,0.00202398731839684,informal_retail,tier_3
e068a19f-7e3c-4d7c-36d9-314ab1993de3,0,0.07407571341835587,0.01115275680604069,gig_delivery,tier_1
6e161d0d-c39d-4ff9-f6ed-f1747d0298b5,0,0.0993040560728881,0.01576549619099046,gig_delivery,tier_2
af87663c-7073-aee1-3305-44c7d6422cae,0,0.008178922981941273,0.0009384811268208273,gig_delivery,tier_1
04804024-dd9a-b626-a112-34e1446e5d7f,0,0.4478385556379954,0.12441733346669337,gig_delivery,tier_2
8143636c-2ee3-03e4-75b0-f6703c9fda79,0,0.0018161726068681074,0.00017983134879209992,gig_rideshare,tier_2
be6b5838-9b9c-1a50-b0c0-92f51148cfe1,0,0.593853996425942,0.21305121563368148,daily_wage_labor,tier_2
88793804-1d70-4503-0e3d-59059880b83c,0,0.0012417912634773711,0.00011858239817850179,informal_retail,tier_2
77fa4780-5eee-8d34-635c-b831754b26cc,0,0.5218122989863719,0.1642830496392421,daily_wage_labor,tier_1
3526f988-cb48-5eb0-72b3-99b0c7a8702c,1,0.9992266567442599,0.9977930308898915,daily_wage_labor,tier_1
96315fb6-b540-f591-c42d-4fb0599af7e1,0,0.15566781374412855,0.027341061088463178,gig_delivery,tier_2
b64d74bc-edf5-f4e5-ae12-1f71cbe9c2ad,0,0.01822454500962751,0.0022765888664479745,gig_delivery,tier_1
e07262c4-54b4-0404-755b-f3c8f2202559,0,0.08776729139933853,0.013612704844592396,freelance_digital,tier_3
85f7cc55-99f1-face-f657-11301d2c516c,0,0.047273574372219566,0.006644240648455481,gig_delivery,tier_2
4831f6f8-2910-9214-a259-4e508949d2a7,0,0.24798999270245414,0.05041996646990199,gig_delivery,tier_3
1a90ee49-809a-5bd1-0dae-d93ddaa04023,0,0.016887938975046625,0.0020918724714448457,gig_delivery,tier_1
22523a3c-95a1-5fe7-90be-fde7c693faa9,0,0.06953575215563884,0.01036005633317539,gig_delivery,tier_2
dcf69907-3da6-be2e-b181-825024f245c2,0,0.003499431691004545,0.00036910352421863385,informal_retail,tier_1
c42a6341-84b8-d50c-7464-b7234c897087,0,0.2681253373939827,0.056223429514806376,small_trader,tier_3
2ce1b7df-29c1-b69e-ab75-ff09e43c537a,0,0.09069400538966921,0.01415193595847095,gig_delivery,tier_2
e829262e-566a-a025-d3ee-f841cd5e64fd,0,0.025623726151201624,0.003328811504990575,informal_retail,tier_2
e52e4867-8b4f-1a42-87f0-cd58eafb9ac8,0,0.009475091759218604,0.001103712459706164,gig_rideshare,tier_2
a787085b-71e3-b37a-75cc-274597105d4b,0,1.4186189036753869e-05,8.893960824728546e-07,small_trader,tier_1
33956f11-a19a-1a83-37eb-1633f993705c,0,0.029053634858442742,0.0038319665833114556,gig_rideshare,tier_2
1a3d40a4-e838-d311-ae76-703af364187c,0,0.23987552189749467,0.04816489268242074,gig_delivery,tier_3
c2a78854-a0ff-ee9f-3ea6-e2a6951714fe,0,0.00037887346990145694,3.2338901849133364e-05,informal_retail,tier_1
750b3e3c-f380-79a8-ec2d-94e36c374e7c,0,4.121399376527235e-05,2.8558816883567585e-06,small_trader,tier_3
c2a194f7-b93c-77e1-ccb7-59fccf1fdb07,1,0.5558145210232622,0.18588568428948238,gig_rideshare,tier_3
71ad3a51-4ea1-db11-2d82-60284d9e5ed9,0,0.5130727061524541,0.15909398665075603,freelance_digital,tier_3
89b838e2-1159-7ca8-b0fa-20b647bc12d9,0,0.002790172081412418,0.0002879058536196678,small_trader,tier_3
50064607-2b0e-d532-67c8-3a65d66f5b67,0,0.004409389752984797,0.00047570122222130015,gig_delivery,tier_1
f578d3d1-e65f-d239-6871-4e21c54d2e02,0,3.860734242702186e-05,2.6589013703068124e-06,small_trader,tier_2
4a5c757c-fd85-37a6-829e-192275b413b2,0,0.0002454727762290331,2.0113733015439233e-05,informal_retail,tier_1
340b667c-bbfc-2583-a2a8-8f3fc18ced28,0,0.012990207452626757,0.001563987309970106,gig_rideshare,tier_3
df7c32f6-b7f0-14f6-2caa-a32cb42617a3,0,0.0019944637197820032,0.00019926282478166768,gig_rideshare,tier_1
202cd3b1-5ae6-a66b-3184-9dc11d703a70,0,0.0011279643450251026,0.0001067335240372684,small_trader,tier_3
0fbbd05d-dba6-4656-970e-862f29dc94e8,0,0.0012542600745698382,0.00011988688133511392,informal_retail,tier_1
8254d23a-9f43-6ec1-8131-2a67d204a898,0,5.8418491928983404e-05,4.182801473233327e-06,gig_rideshare,tier_1
55875853-20ef-3b7a-63d8-9dd2f470b103,1,0.9990608226491624,0.9972714045823293,daily_wage_labor,tier_1
267fb70d-27f2-2585-b018-0529e894e79d,0,0.020374331345067546,0.0025772997790247856,gig_rideshare,tier_2
751a605d-eb1d-a60e-35d2-2c51ec2c646c,0,0.01348445615115163,0.001629976221273531,freelance_digital,tier_1
f1b2a7bb-26eb-3e07-a702-22abc101ab09,0,0.0011886474182533483,0.00011303676186772083,informal_retail,tier_1
7c821626-eb15-1ba6-7ad1-190ea4fe1e57,0,0.3974743078818895,0.10181466636121296,daily_wage_labor,tier_1
1e2db2ae-fea4-c0f7-e3aa-9bfe3c22dee4,0,0.02481713747095345,0.003211835737854856,small_trader,tier_1
6559a697-c11a-7693-52e6-9674e787546c,0,0.00035539893450192456,3.01530281293437e-05,small_trader,tier_3
ea3d200d-d3cb-d62a-94e1-84f6016fa6c2,1,0.01269039216526082,0.0015241013636986685,gig_rideshare,tier_2
8fb2af10-10b8-9e80-622a-5524ca62de77,0,0.4914455433270556,0.14683717649340305,daily_wage_labor,tier_1
f6937417-72f5-b006-8a52-2b0da671b249,0,0.008728930830318934,0.0010082665824338519,gig_rideshare,tier_1
c08f747d-3836-2d8d-be9e-2071d0476fad,0,0.2043146049667761,0.038817784374545146,daily_wage_labor,tier_1
f8037324-c9f1-45f6-8c75-2dc8afb9854a,0,0.008503795522002285,0.0009796411936232568,gig_delivery,tier_1
263ab073-34c0-32af-5061-c6149af00ba6,0,0.0011106432756306972,0.00010494024810962251,informal_retail,tier_1
dc21b4cf-3b31-00a1-778b-4947fd29b39e,0,0.00022864933755335542,1.8610552130997365e-05,freelance_digital,tier_1
687bfb0b-8605-911d-62f1-9991958eb047,0,0.09708248460745693,0.015345280154118474,gig_delivery,tier_1
b48252ce-7de4-c3f5-b752-0e7f4f646f25,0,9.086118379913273e-06,5.463276557183278e-07,small_trader,tier_1
7bc11079-c361-c4c1-9d92-f20ded150f7b,0,6.2721584429451e-05,4.520970235613021e-06,freelance_digital,tier_3
be262183-ab96-d77d-583c-dcb6d0546584,1,0.7019577636172805,0.3132025819954953,daily_wage_labor,tier_1
cb6cdb5e-97b3-7c95-c451-4f570e182c1b,0,0.9006609672910163,0.66579427242005,gig_delivery,tier_2
db594762-0fe5-6609-cb52-b25ec7297d40,0,0.027790921202358966,0.003645671814343705,informal_retail,tier_2
a59d0440-a76e-fdf1-cf64-79835ee25296,0,0.0019539310965923443,0.00019482983523856002,small_trader,tier_3
d98bbe8e-f4ca-909c-b2dd-8882e8d27c45,1,0.8950589439124357,0.6507624245738333,gig_delivery,tier_1
1812e5b4-bb5d-833d-12a3-406f9b08a835,0,0.048667108304892466,0.006868209940192128,informal_retail,tier_3
31b13735-8f88-e27d-f0e5-7b9900256cd9,0,0.1241407876409966,0.02064781016214593,informal_retail,tier_3
502f9141-313b-cc68-e7ae-a3b68d917fe0,0,0.07100522563850749,0.010615368960519107,informal_retail,tier_3
a5ab873a-b230-620d-5c8b-2c92771328a9,1,0.6386323475376978,0.2498637984533722,informal_retail,tier_3
2a0b37d2-eee7-9118-8e3d-1ba57d5257ae,0,0.12297685805133539,0.0204114115140221,daily_wage_labor,tier_1
e0a5f971-0153-c205-0cc6-ccb6954f7e32,0,0.09162262279723306,0.014324010022995182,gig_delivery,tier_3
101fb289-11be-5407-6d07-1b952d43c835,0,0.8117551512343195,0.46913185589094625,daily_wage_labor,tier_3
a7ed7b9c-0601-dc84-7774-7a6c16afb4f9,0,4.4078551278383984e-06,2.476437123214153e-07,freelance_digital,tier_1
296e1e7b-bc67-abf1-9f38-ce4dd0c8600a,0,0.029448618132255563,0.0038904883236969274,freelance_digital,tier_1
564b34bd-a720-1bbc-2a66-750349245a1c,0,0.02401276635020701,0.0030957100971285485,small_trader,tier_3
7faf1794-6b7f-b210-a7a1-64cbf1442281,0,0.5667905635942773,0.19337761988442326,daily_wage_labor,tier_1
48c1816e-9e32-d14f-a19b-8c8866673d19,0,0.062405200893715845,0.009138516782047369,gig_rideshare,tier_3
923c476b-886f-3002-ba48-e1959612832a,0,0.4205976645701113,0.11179196587854344,gig_delivery,tier_2
10b90c01-0bdf-13e9-1742-297ebda75358,0,0.11174191401910402,0.018168077122995296,gig_delivery,tier_2
b792abcc-4715-3204-78f7-50ebcbd550a4,1,0.9955411366163566,0.985132481715494,gig_delivery,tier_1
ac49abac-888f-512c-8425-79c22b8d228c,0,0.038425135682381824,0.005250682874573827,small_trader,tier_2
efd8f9cb-e5a0-5895-9066-a67081591101,0,0.29194917676755255,0.06349186670667864,daily_wage_labor,tier_2
28addb25-a862-33c9-e425-923fc0a1c58a,0,0.09628049136042419,0.015194244508319807,informal_retail,tier_3
073b488c-d814-6947-08ff-d8b043ade6ca,0,1.609753448774984e-05,1.0212677992138234e-06,freelance_digital,tier_1
75e5ff7b-7828-966a-ca79-e7ae9cdd7869,0,1.5144576030084967e-05,9.55323826472851e-07,informal_retail,tier_1
275a62a8-f98c-9b15-ddf4-919692b0c5c8,1,0.5777870017974029,0.2011585536808342,daily_wage_labor,tier_1
0e134608-620e-f0d8-767e-29b87858732f,0,0.003677225924403971,0.00038973193104321023,freelance_digital,tier_1
66d97da0-1393-b7e5-9800-1afb1bae978a,0,0.164335216826728,0.029281233666639896,informal_retail,tier_3
37ee47d2-8bbf-6c37-b49a-6e84ddb88729,0,0.045514164777683025,0.006363185150015656,gig_rideshare,tier_1
03c51139-7c9c-030f-411d-b97acf524dea,0,0.14334360096868531,0.024657392716492955,informal_retail,tier_1
82a60636-6620-bc8d-5bb5-8629287a9556,0,0.09073852300318967,0.014160174348990733,small_trader,tier_3
e968a431-7ab0-a20c-a0eb-51d63f0913b7,0,0.07947357833800966,0.012110210886455714,gig_rideshare,tier_1
3127c598-cb4f-8090-d864-78c1be541ca7,0,0.15743546946225226,0.027733177067016085,gig_rideshare,tier_1
86c8dc7e-8ff6-8c94-75d3-dbcb723aedcb,0,0.022928492173865445,0.0029400272233441336,gig_rideshare,tier_2
e654014d-c987-b059-1c6b-6deeed75f7bf,1,0.9978252450977234,0.9931826275468317,daily_wage_labor,tier_1
706e25f9-1709-897a-b6d8-c11cbf859bf3,0,0.009637679451318541,0.0011246233755018511,small_trader,tier_3
f6c30a98-6e3d-634d-3d01-4b5399a6c27e,1,0.635317316467243,0.24693621023012838,daily_wage_labor,tier_2
0d8621ec-d3b1-8144-9937-0411ca90caaf,0,0.18190238334900358,0.03335057786865261,gig_delivery,tier_1
3d513d81-9f77-ce15-8a83-6fe4e6c47464,0,0.005210712377213219,0.0005714750068495891,gig_delivery,tier_2
81856b1c-6620-ac62-3269-a1ffcb9c0695,0,0.318623116714943,0.07218420691679261,gig_delivery,tier_3
4eea97d5-cbec-35c8-5675-26db438e8857,0,0.0004201635453118696,3.6214461481283616e-05,gig_rideshare,tier_1
20f714fe-05b9-a932-c021-eccd1b9aaa60,0,0.010136481628588864,0.001189020000550608,informal_retail,tier_2
0cf059e4-e16d-ad11-a102-dc468c58ddad,0,0.07072725366486937,0.010566979841431458,gig_delivery,tier_2
7cf72752-d988-46c3-120f-a623cb9c823e,0,0.022881366629267742,0.0029332833260749956,gig_delivery,tier_2
f2aaa211-00bb-2108-0dee-254f6bfb9d84,0,6.428108487389566e-05,4.644074530861646e-06,small_trader,tier_2
90963d87-810c-a46f-d486-211744c78e7d,0,1.0862983858495781e-06,5.351565021040297e-08,freelance_digital,tier_1
516509e5-f1d4-2244-91c7-63737e833a07,0,0.0009900876622569302,9.253534461802004e-05,gig_rideshare,tier_2
ec38783d-b967-812b-94b9-2c85a7ef795a,0,0.0300899838505489,0.003985763080618388,gig_delivery,tier_1
94cec1bb-dc48-33c2-dcf1-89483bb23834,1,0.8519849936804965,0.5479186140507368,daily_wage_labor,tier_2
6258e0d5-4042-4581-1c96-b012f3bb8e78,1,0.9920955067788527,0.9724429692640768,daily_wage_labor,tier_2
f78db6ff-8c6a-51e3-6e44-3d48a237dac3,0,0.6164298773836467,0.2308951819634138,gig_delivery,tier_1
b3a18ddc-a96e-71dd-11f6-ae91e3d173c6,0,0.0018699227999631363,0.00018567068511196987,freelance_digital,tier_1
329b20be-a993-a474-97f7-836c61d265dc,0,0.015568017961805715,0.001911249204213693,informal_retail,tier_3
150a9e9c-d5ca-dbc2-36db-e217a19b644a,0,0.03471485344591026,0.004681632465153982,gig_delivery,tier_1
cb225fd5-1806-398f-5699-ca2ac1e3dcd6,0,4.459232086294333e-05,3.1129135786211655e-06,freelance_digital,tier_1
f7e2c19e-652e-6cf7-2118-ae65a2dd3d92,0,0.0011646371385096313,0.00011053899503786789,gig_rideshare,tier_1
65fca28d-3500-991d-3c13-cac067cdf040,0,0.017928559521113743,0.002235531676971501,gig_delivery,tier_2
b73b76b3-173d-5ad7-e8b8-26f0638ecf8a,0,0.02532372353395779,0.0032852421184571307,gig_rideshare,tier_1
8a3e3123-b19c-327c-01f6-6d366c56fe12,0,0.5377653837959223,0.17412853414770282,gig_delivery,tier_3
952ca8dc-fad0-f7df-2542-a64336c9aa92,0,0.00015250541251512993,1.1949240723085986e-05,small_trader,tier_2
b5a6b06c-e46e-98d0-880c-5bad3a26ee19,0,0.00039899323103576,3.4222642197627994e-05,gig_delivery,tier_1
c8082ba0-e0d1-fb54-e5fe-c4da8255f3a0,0,0.05029821588018544,0.007131873693154475,informal_retail,tier_2
2992b6c4-17a5-b4c6-1b15-0054a61cb964,0,0.00046523475656336916,4.048621121073822e-05,gig_delivery,tier_1
502091bc-f74d-235e-d47b-68c3fe73c050,0,1.8319215244528028e-08,4.888312859958913e-08,freelance_digital,tier_1
c3776efe-7d67-660e-d188-2bbebd5e138c,0,0.048661008540587816,0.006867226981944179,informal_retail,tier_2
66c4f393-3e22-757f-8116-5e9cf6b219ca,0,0.00011201486264623303,8.525906690549637e-06,gig_rideshare,tier_1
a1210683-d11d-084a-0ec7-59c9ec878f88,1,0.6347427885887579,0.24643233520234673,daily_wage_labor,tier_3
6d615032-1c20-65dd-a34b-ff8116e4bc5d,0,0.19679034813953186,0.03694704821050068,freelance_digital,tier_2
7488a34f-85f4-8a97-f663-be17d1c84742,0,0.025702696992437907,0.003340292462914154,gig_rideshare,tier_1
cb46b36e-4e26-fd7d-79fd-cbbf9eca3592,0,0.009986198467535717,0.0011695797955915289,gig_delivery,tier_3
8e61374e-9fb0-9ab9-8681-4327da1f3e7e,0,0.007281381331400124,0.0008257078826274349,small_trader,tier_2
13cdc051-8357-1a83-811f-24f700f635ce,1,0.6993945697553267,0.3103342205255233,daily_wage_labor,tier_1
8a788096-22bb-f41b-a0d0-5b947beca9e3,0,0.0026904235191670405,0.00027663954285333706,gig_delivery,tier_2
7c116ef3-9603-f680-e8ab-5ff370f637bb,0,0.010668243193351936,0.001258065748173238,gig_rideshare,tier_3
283f4f47-09cc-3fa4-1637-bd9967dca458,0,0.13861580860264813,0.023650947449497653,gig_delivery,tier_2
2f25bd2b-c395-88d4-626c-710e6508d437,0,0.027815813677707926,0.0036493325621078307,gig_rideshare,tier_2
dde9060e-ab36-5a3a-579b-cd99624e4c06,0,0.1093822148158589,0.017705741244069092,gig_delivery,tier_2
0b86cabb-9746-5df7-ce80-4acd5807f712,1,0.9996629483996661,0.9991094710208993,daily_wage_labor,tier_1
34bddb24-0c63-137d-427c-ebf2a3f2a0a4,0,0.17508985800293506,0.03175043209118884,daily_wage_labor,tier_1
a6c2b75e-2f85-6c5e-946c-66e024ca9f58,0,0.08317638159117934,0.012776331039135044,gig_delivery,tier_2
8295fd9e-b627-e197-1682-97ef50e774d0,0,0.014701765830622078,0.0017937179592111031,freelance_digital,tier_3
d735c22a-850e-1e5f-cd2e-cbeb05c280e6,0,0.004793260479950734,0.0005213762735279125,gig_rideshare,tier_2
334d6733-b9ec-efad-cb38-9da521e19722,0,0.0011761352631241505,0.00011173452326375651,gig_rideshare,tier_1
390a9047-fb3d-edde-686b-9c22ecde7d65,0,0.019471276976877058,0.002450452970069938,gig_delivery,tier_2
69d25b94-17c5-c731-9e57-6b9aff1bdabd,0,0.012941906628875384,0.0015575542170244748,informal_retail,tier_1
3d192409-2ad3-1f86-a5fd-12de9f714888,1,0.9514426184278123,0.8223230317153003,daily_wage_labor,tier_1
250e2b79-6460-209b-88e1-e89a84ba63b7,0,0.053096307047090396,0.007587929941352352,gig_delivery,tier_2
4486aa32-1b14-641a-190f-427d353a4d55,0,2.5372172983451294e-06,1.3534835098880133e-07,informal_retail,tier_1
55716708-e6fd-dd00-8545-8dc00e79812e,0,0.06660825349440208,0.009855049248070824,gig_rideshare,tier_3
3bf9f080-760a-e001-68b1-38531823dc37,0,0.002123967995451897,0.00021348473695742087,small_trader,tier_2
12bfb73b-5477-66dd-3018-20c8775d63b9,0,0.0008970207901906293,8.30566346890944e-05,small_trader,tier_2
98fd50eb-21e6-6025-c65a-353ff7d06e5b,0,0.03332282959991927,0.004470580571801905,small_trader,tier_3
722c92ea-1b3b-cb84-b1d8-248f921d4e59,0,0.12614391375523631,0.021056415600661103,gig_delivery,tier_2
a2b3eda1-880b-b6b4-1810-0a08ead0151a,1,0.9949873069484247,0.9831253668597816,daily_wage_labor,tier_3
1a53d4d5-7ce3-4747-626d-aaae1a6e4086,0,0.2533595615728175,0.05193828490692532,gig_delivery,tier_3
d2de2e89-8955-1702-c649-45db18bc3107,0,0.022771386042049598,0.0029175519292285157,small_trader,tier_2
53f6e0cf-8ba0-e6bc-50eb-2aced167ab3a,0,1.2132855431329027e-05,7.495854513725319e-07,freelance_digital,tier_1
4c788a5c-8920-5a52-b9a4-2ddbe1423385,0,0.008514914362589995,0.0009810529923694833,freelance_digital,tier_1
e43cb1bc-261a-1215-8df4-eff6347f28dd,0,0.6626676427457975,0.27216937383071454,gig_delivery,tier_3
92daef9c-0b89-3324-bc1f-50019730af5c,0,8.55109120433601e-08,4.888312859958913e-08,small_trader,tier_1
a5bcb055-c9cf-3adc-80cb-6400408794e8,0,0.01426169008245094,0.0017343275361184898,gig_rideshare,tier_3
4f2449ef-17c1-1f43-d7b7-dfc47f90c387,0,0.00028940521463382315,2.4083691075557683e-05,small_trader,tier_1
6a918d27-efad-a77d-30f4-51843de01184,0,0.010876193801271986,0.0012851742209539939,gig_rideshare,tier_2
95c9e564-2157-0dbc-9744-c8f2aea621da,1,0.5181620687249737,0.1620986196868028,daily_wage_labor,tier_1
5305044b-b8f8-9911-5c27-22979d92b0e9,1,0.9861330959922379,0.9498913735012028,daily_wage_labor,tier_3
7b0cd1cc-3528-f1bd-a6f6-c0c8caa37dfe,0,1.0735343019819604e-06,5.282822392449029e-08,freelance_digital,tier_1
99518ad3-9fb0-d244-eeca-7a5005facbe5,0,0.004206539364128477,0.00045172641359450045,gig_rideshare,tier_1
42634276-7b10-0f08-566a-fdca1c1e685c,0,0.36715296617860627,0.08966572777977044,gig_delivery,tier_3
18fe40c4-9217-a8bf-2e34-ff9889b2ffbe,1,0.9562962459388513,0.839285875824311,gig_delivery,tier_1
813efc29-3f66-d434-abef-c2047266bef7,0,0.6335936501163667,0.24542759436519093,gig_delivery,tier_1
5c455577-7c47-f83f-aac5-ab613e6690aa,0,0.10196506533679192,0.01627238815186558,freelance_digital,tier_3
617f9b85-b380-6757-bf02-a300eb0f2574,1,0.7672523783320502,0.3971336499070001,daily_wage_labor,tier_3
633884fd-dab4-fab7-01a2-b8772c113e2f,1,0.9982619779357991,0.9946596961645409,daily_wage_labor,tier_1
14725ad8-fbb2-8095-e6cf-c811838abe0e,0,2.3535999351213833e-05,1.5473676731876504e-06,small_trader,tier_2
b3c4a0d3-5669-48b7-5e90-709c2d234462,0,0.0006629143594473432,5.964935028504439e-05,gig_rideshare,tier_1
8c378227-6462-eaeb-caa6-e838e60a9b60,1,0.9985857056568144,0.9957345246987105,daily_wage_labor,tier_1
8121d1cd-8edf-1cbf-7a98-8ce7700b661b,1,0.5809451148782027,0.20344600568034965,daily_wage_labor,tier_2
c9bbe771-810c-8e24-0885-094041ded005,0,0.19716038247000858,0.03703820532625986,gig_delivery,tier_1
f4c49102-8139-a305-2065-f88623f329c6,0,0.07396725328218719,0.011133684631578761,gig_delivery,tier_2
636e0eb3-8c73-597b-9ec1-fafd06fc3533,0,0.2512887598012784,0.051350251699005325,daily_wage_labor,tier_1
de93a4d7-2dd2-2cde-6367-eda9bc6a0aa0,0,0.18060633466663048,0.03304398120457861,gig_delivery,tier_3
d6db9093-47cf-14e7-1b14-e55df3e39c00,0,0.0531874948618469,0.007602871603559832,informal_retail,tier_2
7049a612-890c-f30e-5e17-4c7303df900b,0,0.0006552398389410009,5.8893968700587505e-05,small_trader,tier_1
7458015b-a891-a29c-9723-e25414f2e315,0,0.1498543528508295,0.026064255005317654,small_trader,tier_3
6387578e-2fe8-9fed-c413-d013049dff8e,0,0.13564381429614297,0.023024752197028295,gig_delivery,tier_3
c6623706-a791-3181-d887-75ddd6056676,0,0.050232078689860016,0.007121151292929533,gig_delivery,tier_1
992624c2-5e6b-bbf1-e60f-38cd2beec24c,0,0.0106818051841552,0.0012598318723225145,freelance_digital,tier_3
598c85be-ef2e-ef77-13b2-70b19838a960,0,0.0008926853458741481,8.261729203065172e-05,small_trader,tier_1
60c88010-9709-3d74-f7d2-3e77c18e1f42,0,0.0030871529207072866,0.00032168112751314353,gig_rideshare,tier_1
5745ab4e-aeb9-f56d-ac5f-ba888697f3d7,0,0.01600685185849506,0.001971098369129268,gig_delivery,tier_1
a807895b-1e3d-7d3a-b7bb-3c8ebef9d282,0,0.0023494578432105865,0.00023844820799740713,gig_delivery,tier_1
40cf5ce1-c5b8-562d-360d-0bad1450bc8f,0,0.01964674802904407,0.0024750413530956875,gig_rideshare,tier_2
43a1b803-d52b-8b12-b837-6a3d0d1fb3be,0,0.024839713096261668,0.0032151025979360094,gig_rideshare,tier_2
58de26f8-8f02-bd89-a12c-946d0833c707,1,0.4654483968861255,0.13312477171316703,daily_wage_labor,tier_3
7b181533-e3c0-d49d-8b0f-ba91d4b10369,0,0.00036051655610720365,3.062843235171708e-05,freelance_digital,tier_1
a6e0eb89-7df7-3c05-e331-bf18a0c2e868,0,8.546205864531645e-06,5.109188181315494e-07,gig_rideshare,tier_1
7689fecc-2f24-6712-9b1c-0b715ac170cd,0,0.008290237120739263,0.0009525644219282811,gig_rideshare,tier_1
3ed6cf36-7734-3866-1e69-68fcb15eabe1,0,0.15307901304717522,0.026770069420740863,gig_delivery,tier_1
7dbd63fb-49d1-f96e-1bf5-eb21eb3eb1eb,0,9.447953546638196e-05,7.0771490285395625e-06,small_trader,tier_3
bc2d5122-7296-59e5-04a2-630b7d9a091e,0,0.018976620077452502,0.002381293151948273,informal_retail,tier_2
e8e286f4-9c6c-8ef3-7379-79ee7561b70b,0,0.6464382014516721,0.2568961113523165,daily_wage_labor,tier_3
7c1a9f32-0e22-7ab3-3f70-65ecd69a3f31,0,0.0007764794638330706,7.092020927437224e-05,gig_rideshare,tier_2
736997d1-45bd-b838-268e-fad3b5ae46d1,0,0.002858490586931771,0.00029564536627156677,informal_retail,tier_1
daa24733-4d7d-28e1-2e14-4d5fd3d65a96,0,8.84271744308269e-06,5.30339633028398e-07,small_trader,tier_1
b4d2df71-a55f-79fd-5806-5c2db3f935ce,0,0.0022796580959819224,0.00023069460944671766,gig_delivery,tier_2
0d18725d-8059-e49a-9c0a-eeb2bd349ec4,0,3.858010156191529e-05,2.656849267548091e-06,small_trader,tier_3
857a8765-f8da-4e38-8eda-23a3f2949cf1,0,0.0017036951934133785,0.00016766680465795508,gig_rideshare,tier_1
757087b5-61d3-fbac-2b7d-422280f03f94,0,0.3522155064345058,0.08404050019260698,daily_wage_labor,tier_1
820ca835-d710-1a89-65ac-b2fb22600451,0,0.4255561058797503,0.11401745997070213,daily_wage_labor,tier_2
3e644e79-899e-512f-e884-60ae643abd53,0,0.027630359628325968,0.0036220707092285524,gig_delivery,tier_1
1ba2124e-d8fa-f572-6043-25534f608e1c,1,0.8103113705004996,0.4665664077594154,gig_delivery,tier_2
a44cf27e-24d9-072b-35fb-da32961e0194,0,0.003006666377244716,0.0003124942047354107,gig_rideshare,tier_1
27b9d78d-343c-ea08-abc0-15ccb4905e4d,0,0.027476441633940092,0.0035994648322728567,informal_retail,tier_2
567ec10d-1e35-cd29-951e-8da68be6bd51,0,0.2707341802648601,0.05699765882840375,gig_delivery,tier_1
bcde7892-acdf-3266-c724-319840dad959,0,0.004244262688400514,0.000456176178928674,freelance_digital,tier_3
e9a60c81-3930-025b-6e16-1365b414cdd1,0,0.3683934921764298,0.09014321879375957,gig_delivery,tier_2
c17391db-790b-5b79-add7-f1ff466afabe,0,0.0006989622976092338,6.320844079433544e-05,gig_rideshare,tier_1
a51cf895-3df0-d4e6-9aa1-eee6116c3b78,0,0.19055058057234217,0.03542289763705479,freelance_digital,tier_3
51c65dea-1eda-565d-495c-62c65cc6f7c8,0,0.00933648911798506,0.0010859178531299589,small_trader,tier_3
74de2f75-50c1-4329-cfee-f9501127ec1b,0,0.06402655113605378,0.00941372770243514,informal_retail,tier_2
3d1b83d1-803e-3cd9-78c5-f2b8b43b8477,0,0.05035378736298318,0.007140885195323298,informal_retail,tier_3
e0ea264c-cbe4-6ac8-553e-31025a9ac8bb,0,0.7484004992239726,0.37055775286275916,daily_wage_labor,tier_3
a162baed-56f3-1e75-0d7d-c00757ac059c,0,0.4201464768901656,0.11159100914289928,daily_wage_labor,tier_1
0c446b98-63db-287d-03bc-3a6e432f3333,0,0.7012787201750873,0.3124399148632055,gig_rideshare,tier_1
4c6149ce-0a0d-dc9e-4efe-343bb20e299a,1,0.814467207051175,0.47399644180013895,daily_wage_labor,tier_1
7c900bab-4bcf-f0f6-d66b-c26761db4d09,0,0.0402430960346287,0.005532876470068602,gig_delivery,tier_2
9126fb30-4cfd-7992-8e96-590eee9d23a4,0,0.41443485602545777,0.10906912728855267,gig_delivery,tier_3
eee06b86-437b-7269-f08c-3e21d27d5505,0,2.8574148290176607e-05,1.913108534916254e-06,freelance_digital,tier_2
ecd039a2-51db-8925-6594-8213edc777b4,0,3.4274339732657206e-05,2.3342592347991963e-06,small_trader,tier_1
5df35050-aeaa-42e5-35b3-e3c263c0ed55,0,0.006301035742721306,0.0007042334159457377,small_trader,tier_3
4c73d0f2-860c-c9f8-3fdf-c01f41748f12,0,0.017315903579606575,0.002150822367854084,informal_retail,tier_2
3808bce1-527e-457a-d2f5-7c21dfa1ef60,0,0.0036762635595355246,0.00038961999884575503,gig_delivery,tier_1
f0128f5f-0e9e-13a9-8c1d-7fc7cb02442a,0,0.8484698448710434,0.5404288785364147,daily_wage_labor,tier_3
56f70171-f6df-39b9-0e46-51f651d4dc63,0,0.002508912190492997,0.0002562450725460243,informal_retail,tier_1
7a680b01-5824-5b9d-69ab-03a987124bc2,0,0.9857777648215064,0.9485383293830771,informal_retail,tier_2
8c40a81e-5860-d75c-f1b7-da79ff8893ec,0,0.09373738562690954,0.014717641184682847,gig_delivery,tier_2
fcafe761-db7c-62b9-d21e-c51ff0e4a8d4,0,0.011977609217064934,0.0014297229956757094,gig_rideshare,tier_3
5c28e6f1-d252-93bf-61a7-43c4aa0ffb62,0,0.049353847460927594,0.006979021474164099,gig_rideshare,tier_1
0210b57a-0c47-682e-8c90-7d2ab6547979,0,0.02603631051477903,0.003388848966409983,gig_delivery,tier_1
117b3549-5891-7ff0-b23c-a9701f7dd15d,0,0.03437294070602905,0.00462966773113475,gig_delivery,tier_2
ea9969ce-ba28-5d18-3db4-6f763dc2a87d,0,0.05777482791947558,0.008360896708908216,gig_rideshare,tier_3
692c2210-bd84-151c-fba6-48f3fafc5178,0,0.0003820989221111623,3.2640265708593073e-05,informal_retail,tier_1
f997b13e-cf0b-7fb4-455d-7c767ccd3536,0,0.0030009032639990996,0.0003118373200466769,freelance_digital,tier_1
e46c2fc9-ee5c-fcc5-8f21-41d80385792a,0,0.033548497410361935,0.004504702841334603,gig_rideshare,tier_3
a4dafb2f-8803-2435-7dbd-e313de59b85d,0,0.04293311047174952,0.0059543928315713805,informal_retail,tier_3
93f8125c-8e78-878f-3c51-b72f7aa39ce5,0,2.382989125049345e-05,1.5685150345991985e-06,small_trader,tier_1
35f39ca8-e9ed-b5da-2b9f-b034c6c61004,1,0.9638935500543778,0.8665112323840517,daily_wage_labor,tier_1
4c5976bc-8fb7-7164-9652-7158f0d91c84,0,0.0014022962200253414,0.00013546687539257057,informal_retail,tier_2
465a265d-c9d1-890d-1d3b-56319ed79222,0,0.01173465991111388,0.0013977016087038739,gig_rideshare,tier_2
7a46f3bc-18f8-5e1b-9b03-791694f5f2ba,0,0.03135230957513917,0.004174168455098112,gig_rideshare,tier_2
31aca4a2-cc1b-d6ba-d002-0e93f437d1c6,1,0.9738997475997375,0.9034994482594529,daily_wage_labor,tier_3
1db985b9-0ee0-48de-2f7c-87b9b18b1eff,0,0.0017243559336049413,0.0001698955886065945,freelance_digital,tier_1
239baae8-a44a-a7e3-2552-2b4aac9757a1,0,0.00016923806463091628,1.3390665306521052e-05,freelance_digital,tier_3
e2a16d07-0890-40f7-b80d-7deae3a3a0cb,0,0.011884960103586879,0.0014175026286308197,daily_wage_labor,tier_1
484f1083-b34f-0672-7e34-18b2b6b7cc95,0,0.13930472234261715,0.023796813259419125,gig_delivery,tier_3
9840c7fb-3534-0260-11e7-5d7207835187,0,0.010570736081023087,0.0012453753080103435,gig_delivery,tier_1
bdf90dc7-83f0-5a2e-ceff-f06f2039dbe1,0,9.135780212186955e-05,6.821751181805043e-06,small_trader,tier_1
72eb27a2-a149-507d-6ed2-865a5aca15e7,0,0.009802505451755227,0.0011458624290484997,gig_rideshare,tier_1
5ca980f0-aefb-627f-d8d4-173d3d9e893d,0,0.007325036338840584,0.0008311597589959431,gig_delivery,tier_1
59912b26-6f47-4cd4-272e-24df4e402e80,0,3.30415754214673e-05,2.242578815651277e-06,small_trader,tier_2
e8217b27-f483-16b6-3b70-8b25e563084d,0,0.0070381690180536935,0.0007953988672506902,gig_delivery,tier_2
9dd6de59-e34a-1fe4-e2b2-b6c3adef3b9f,0,0.016451650320024287,0.0020319681274568726,gig_rideshare,tier_3
f2e32cbd-5f41-933f-d82a-403ee8e5c40c,0,0.821633385927764,0.48714281143637633,gig_delivery,tier_2
04550e15-e65e-f32f-429e-129de6a31fdb,0,0.009071518534268238,0.0010519813326528898,gig_rideshare,tier_2
a1a9d9a9-7f40-6241-939b-e45a2ac1919f,0,0.0001941687409176428,1.5563004311136856e-05,gig_rideshare,tier_1
dd000e29-5907-4b52-311e-365ffaef35ad,0,0.3640424015424489,0.08847549764974202,gig_delivery,tier_3
3859d96d-23cf-0343-edd6-804ebd7f9513,0,0.0012619267111477971,0.00012068958272713229,gig_rideshare,tier_1
03fcf5e5-03b5-9fd6-f208-775e84f79c4e,0,0.005200580378372088,0.0005702540035453412,freelance_digital,tier_1
e90b2dad-e115-465d-87a7-3a50fa50149a,0,0.006916697293688181,0.00078030278083135,gig_rideshare,tier_1
069b081c-710f-0093-54e7-c79fee310d59,0,0.0013556233978706822,0.0001305368623846596,freelance_digital,tier_1
634176cb-383a-393f-da5a-7fa87e9b56d8,0,0.0021459517269559036,0.00021590752118870972,gig_rideshare,tier_2
9a474bf6-881d-6e88-9e80-40adf81ca56a,0,0.001314499467331516,0.00012620649435353943,small_trader,tier_1
e70e2431-77f4-1609-2375-0e32109b3929,0,0.031208279880305435,0.004152612724043277,gig_delivery,tier_1
eb3f6fec-1918-0d44-3ae3-e6569b53fd4b,0,0.0010196288252476286,9.556233069094329e-05,small_trader,tier_3
b318f6cf-28fe-2418-388b-bee06254892f,0,0.028745163438545697,0.003786344339882359,gig_delivery,tier_1
8624b508-3ad6-09a9-5f0f-db73fd9528ac,1,0.7830706225909804,0.42113518645167464,daily_wage_labor,tier_2
1de62f16-9426-7cf3-91cf-faa44e932d24,0,0.09314410891678156,0.014606964525001704,gig_delivery,tier_1
b2f48d6c-898f-cade-086f-b1a51578ece8,0,0.9985522107924913,0.9956242299892561,daily_wage_labor,tier_3
17aa2bcf-1bbb-b7f7-7ce6-cc39c6d428d8,0,0.06624537086877544,0.00979278828676733,freelance_digital,tier_2
4bfa08fb-e4b2-5199-3e65-b111a56cc762,0,1.298153976958305e-05,8.071225441572708e-07,freelance_digital,tier_1
89803da5-4aaa-00f1-2edb-f7a8cc09b528,0,0.00254284625882896,0.00026004712835274175,small_trader,tier_3
9c88a9d9-9656-f5ab-fd81-3735851a8f06,0,0.8911266570347377,0.6404547767500907,daily_wage_labor,tier_2
25e1a1f7-5ed3-a48b-f2ae-9904e3fb39d8,0,3.4460135533554713e-12,4.888312859958913e-08,small_trader,tier_1
6f30561b-e870-e55d-2e61-b2ff888f860b,0,0.10143888021244055,0.01617184846456702,informal_retail,tier_2
cf1f18e8-6c55-cf7f-af42-9ba49f19aaa0,0,0.0214618883848915,0.0027310461591239783,gig_delivery,tier_2
9a052986-a422-d874-49fa-04819898a309,0,0.026328345701869878,0.0034314265574098314,gig_rideshare,tier_1
761f7ed3-8a19-4ce5-a904-2c827dcc793b,0,0.0024507359088617522,0.00024973867359335487,informal_retail,tier_1
bdabf318-0688-7310-050e-a0011b3752f6,0,0.9089845515078266,0.6889050718142202,daily_wage_labor,tier_1
347e40ea-c23f-af0a-ffa3-4b7610692b5c,0,0.0378166501465058,0.005156720271034922,gig_rideshare,tier_2
f9edf127-c444-8c31-df6c-8bce02eda925,0,0.13339196221976587,0.0225536045619831,informal_retail,tier_3
658c1246-b782-0b9d-1389-88f355376715,0,0.07480460827421903,0.011281099524771231,gig_delivery,tier_2
233cc6a1-de31-efd3-7cbb-5da1cfb2230d,0,0.00046819388253518664,4.0768087242152575e-05,gig_rideshare,tier_3
e00341d0-61cf-1fbf-8688-00916f3bbf40,0,0.3095632704880323,0.06916335443012252,gig_rideshare,tier_1
050811de-9806-f7e6-e20b-4543cd76859a,0,0.178760264816528,0.03260904089602875,informal_retail,tier_3
677d2a0a-5954-81ff-3dae-36b411c95525,0,0.004847964340132741,0.0005279165614737586,freelance_digital,tier_3
4f40164a-bacc-0ab2-aca4-d7441cae4730,0,8.117846589412514e-07,4.888312859958913e-08,small_trader,tier_2
e6e63fb7-1f4d-e475-a5c1-42fe28193c23,0,0.004343241138973846,0.0004678705357098647,informal_retail,tier_1
f7a74651-07c0-b1ef-7fb7-73821e3fbdfb,0,0.10863934023948339,0.017560822632938167,gig_rideshare,tier_1
86c5e336-66f6-dd95-4d2e-0f823854e605,0,0.002028321986304703,0.0002029726016596704,informal_retail,tier_1
4b2c7bbf-d472-cac8-d42a-88fca3b58c60,0,0.013768745959625276,0.0016680637232364798,gig_rideshare,tier_2
0a2d3e89-c09d-492a-ec78-c9ba994b4a5f,0,0.6195675472191545,0.2334869521247304,daily_wage_labor,tier_3
61f984ff-c5c0-f1fe-c6fd-646ffe4c0daa,0,0.00010240747786885723,7.729275181278365e-06,informal_retail,tier_1
2c15af3f-1668-d032-82f0-8d2c7d1f7f1d,0,0.00012850223520776422,9.907808838006216e-06,informal_retail,tier_1
63ecccd0-9518-a82a-ceca-568f7f382d38,0,0.0012623743054656427,0.0001207364606398801,gig_rideshare,tier_1
9ca75646-5ea5-f9b4-0ad1-467ebba10e2c,0,0.00046286011854402724,4.0260134179993645e-05,small_trader,tier_2
e43d9560-e492-fbb0-36b3-0bd64d992962,0,0.02806291352366478,0.003685697485080954,informal_retail,tier_2
59bea7db-be78-1cac-b38f-f399f51c86d6,0,0.11866720803989238,0.01954264245510599,gig_delivery,tier_1
75f51a17-efdf-b89d-e900-2bf6c7014800,1,0.9998926185904055,0.9997450572800637,daily_wage_labor,tier_3
6d9a1249-041e-7a75-47a0-9793dddc56a1,1,0.9776226001903886,0.9175285366950763,daily_wage_labor,tier_1
af475438-e382-99c7-0c2a-cb04d4a7d63e,0,0.005891502027910772,0.0006540615948822111,gig_delivery,tier_2
add157c1-fd08-7af5-0d54-4a396e428094,0,0.005358450906937485,0.0005893066504970497,gig_rideshare,tier_2
a1562900-b03a-613a-7fae-295c2ce00a1b,0,0.007934629769784728,0.0009076470194898723,gig_delivery,tier_1
12131260-a356-b822-880f-0271c7d61a21,0,0.00814026377788785,0.0009335948973514884,gig_delivery,tier_2
17d99902-91b6-b44c-cb90-9b800a40d03c,0,0.5010022568670123,0.15215356242402,gig_delivery,tier_2
a7fecf23-14a6-dda2-3dee-79bd93ca4028,0,0.021143829676713487,0.0026859731920905647,small_trader,tier_2
5d25f520-133d-f780-ac2b-b13f84758b55,0,0.0032594338511362773,0.0003414253136068264,small_trader,tier_3
dac9f02c-9ef7-bbcb-73fd-2d9d0aea55e7,0,0.16371359230934826,0.029140615788491354,gig_delivery,tier_2
43748cd8-a1ce-48c2-114f-5d4de9789a15,0,0.4264915056400801,0.11444082225964507,gig_delivery,tier_1
45280692-b482-28f4-4a95-0ce9f8726975,0,0.5797192767706861,0.20255526657063586,daily_wage_labor,tier_3
839b54ba-b495-0511-1642-ad75c032a823,0,0.493639306115197,0.14804396518425267,daily_wage_labor,tier_3
c9c15254-d0b6-33d4-3a06-6e5bca839fb1,0,0.015409905382695861,0.0018897358915391943,gig_delivery,tier_1
0fee3463-3ff9-0e42-5303-a67d7986daff,0,0.3625452634152994,0.08790620441822121,daily_wage_labor,tier_3
7943c7e1-7bc7-5316-9f27-ce76a611f69d,0,0.479608039539438,0.14046125724713965,gig_delivery,tier_3
eb59bce3-5307-b389-a970-d05d3192a6f7,0,0.0004422397813006461,3.830165070045336e-05,freelance_digital,tier_1
fda9d256-254d-7514-148e-a877d8970181,0,0.0019784091464460423,0.00019750590023986044,gig_rideshare,tier_2
caa5862b-7740-0cb1-326e-b3379d06474b,0,2.5597026317202924e-12,4.888312859958913e-08,small_trader,tier_1
226bba27-3867-567d-d446-dd033cd1aec9,1,0.9924302536735033,0.9736928251375236,daily_wage_labor,tier_2
2a6bad36-cb8b-4197-1e39-794a6d025c71,0,0.3130629599108694,0.07032173170316276,gig_delivery,tier_3
c3cb4284-ebf0-f6ea-f105-79b90c0258b6,0,0.00241508579119483,0.000245759069978295,freelance_digital,tier_1
d6d460b6-e133-faac-abe2-186c492d5adf,0,0.10318216258193669,0.016505523166588036,gig_delivery,tier_2
83d34a89-8882-09ec-07f5-20fe10829b5e,0,0.0026459153181025976,0.00027162569434004184,informal_retail,tier_1
f944061a-051e-f7a1-ec3a-771c50a42ec9,0,0.007030954793240694,0.0007945015258991202,freelance_digital,tier_2
ac9b1502-9335-8f2f-33bb-cf1355c9db74,0,0.06423324435411326,0.009448920345123573,gig_rideshare,tier_3
d5812f8a-9889-8262-7a8e-ba7db39cc272,0,0.06524910186403945,0.009622239903121553,gig_delivery,tier_1
e0dcd6ca-74a2-7ebb-0108-bed8bee6e1fc,0,0.005907004847301068,0.0006559543301063233,gig_rideshare,tier_2
c53f9617-cb76-6455-25b5-c6077ca81c03,1,0.49864078629032144,0.15082547860520215,daily_wage_labor,tier_1
c4c6d394-b8c0-2941-9c2c-c639dc40da27,0,0.643988357065426,0.25466776977223804,daily_wage_labor,tier_2
2d6c7233-aa47-9873-de16-18d1774ccfc3,0,0.6603379334781397,0.2699208307297801,daily_wage_labor,tier_2
82319f34-5b2a-4bd7-cb0c-3190155d31d0,0,0.0021955382182972665,0.0002213812405530485,small_trader,tier_2
fadea394-e89e-e7b8-551b-befed324af84,0,0.0005036268562554714,4.4156156923897124e-05,informal_retail,tier_1
7aa056a3-a545-9859-5965-d622e57fe437,0,0.02172418675301442,0.002768284438659645,gig_delivery,tier_2
34e2a846-2d56-ba43-977f-44069ebe4963,0,0.4378043088040037,0.11965156126750102,gig_delivery,tier_2
246d6b55-2ee6-2dca-2773-daf9edb6c03f,0,0.005422082056311848,0.0005970025723658255,informal_retail,tier_2
f687f905-6eae-032d-1992-54dc6472f5f2,0,7.13327750970221e-05,5.204143860897406e-06,freelance_digital,tier_2
c7a342e5-21a0-7730-996a-5e8ac25a39ab,0,0.10473156943623896,0.016803485738472904,gig_delivery,tier_3
2d0ade80-efbf-555d-6780-780a55def88b,0,0.009165852877922117,0.001064050916525523,gig_delivery,tier_1
59d3e5fa-a3ce-a0c8-4466-a31d30fad0f9,0,3.504395129105991e-06,1.9269353661757585e-07,small_trader,tier_1
b367ddc0-e2ef-53ee-56c7-a478e41c2fa5,0,0.020259572739484186,0.0025611387348806946,small_trader,tier_3
0f12e299-d2ca-06f9-8869-1d9c1bc09909,0,0.0033749912998203126,0.00035472761379002764,freelance_digital,tier_1
c0f8ed34-0757-1817-1e78-bf6499154cfc,0,0.010688705962838309,0.001260730631135494,gig_delivery,tier_3
3cd1558e-2f5b-1da1-9ee3-4249caeb540c,1,0.9604021682579028,0.8539004197797522,daily_wage_labor,tier_2
38be535f-f306-574b-b1f6-728103b72068,0,0.007579495741531362,0.0008630070364698337,gig_rideshare,tier_3
4a2242af-2411-a728-35b3-98f327a81e49,1,0.5326961938417641,0.17094631563522866,gig_delivery,tier_2
4fb3ccf2-149b-111c-acad-e8317a55655b,0,0.0062717183093692315,0.0007006300553162808,small_trader,tier_3
18106dcb-edf0-8111-9a72-cc5d309fb275,0,0.9022465890257403,0.6701244522733067,daily_wage_labor,tier_2
7e13cc33-993c-8583-1aa1-cb298a56da8c,0,0.00019873802248030953,1.59641129031888e-05,informal_retail,tier_2
fb7d2f43-8146-4769-87b4-6d34156dc5b6,0,0.0009500177930956065,8.8443354351269e-05,freelance_digital,tier_1
f347cbb3-76e7-2238-941f-6717742f24a3,0,7.82068004615848e-05,5.755144255265219e-06,freelance_digital,tier_1
819dd8af-cf15-4936-5cb7-d8da0adbaab6,0,0.0026220633273466645,0.00026894218593865254,informal_retail,tier_1
00480c4c-9347-686d-cd89-151821ad40ad,0,0.0021167593633313895,0.00021269082029746957,freelance_digital,tier_3
04547261-268a-a2fb-5f9e-c6c3052f2bc2,1,0.9857702214321967,0.9485096014614152,daily_wage_labor,tier_1
22e057ff-6dae-28a8-5553-6f3820a5f28f,0,0.3753218386510829,0.09283990491127031,gig_delivery,tier_3
98dfa1cc-2674-abe8-5133-7f607aea0564,1,0.9977519049524411,0.9929319755457896,daily_wage_labor,tier_2
aa5c029a-d205-3526-c2b4-6e6d4f39bd4f,0,0.00025100937803603754,2.0610592566625496e-05,freelance_digital,tier_1
2f7591a9-6f4a-8b39-4e20-afc87f937110,0,0.010018754971169053,0.001173788438391012,freelance_digital,tier_3
41281676-501d-aaf7-62fd-dba412537379,0,0.027126387418345155,0.003548120867151314,daily_wage_labor,tier_1
1e301d12-fc7d-2737-83fe-114f718c6bfe,0,0.4227698181218447,0.11276303749155256,daily_wage_labor,tier_2
81b7d843-2a4c-df71-cc49-d7fa257f7b00,0,0.01202099083900212,0.0014354487832847313,gig_delivery,tier_2
eddb09cf-23be-2e2e-9436-edf7b5ad08be,0,0.12957656803123935,0.02176181879286929,gig_delivery,tier_1
13f547cf-dd7b-b567-1e45-1a2b0520319b,0,9.180191667726473e-07,4.888312859958913e-08,small_trader,tier_1
90713130-3b63-b08d-b1cc-faf240d1678a,0,0.004232795809077864,0.00045482314234055073,gig_delivery,tier_2
5f9522ae-433b-a366-15ca-d7076548eac7,0,0.014428904010087321,0.0017568682169999494,small_trader,tier_1
5d05b214-d33c-d191-f1c1-3d84ea633999,1,0.9916600273433483,0.9708130901929495,gig_rideshare,tier_3
a2b13783-c3d4-e8c6-e6ad-d7e47fc2f233,1,0.8937199004316445,0.6472300913373971,gig_delivery,tier_2
aed24c20-5ed6-c08e-2db9-605aa6e745f9,0,0.15930663941318848,0.028150241493601822,daily_wage_labor,tier_1
7833e7d5-c731-3434-6438-c2a459229c08,0,0.000328441510507944,2.7659678949505918e-05,freelance_digital,tier_1
b555c567-7eee-3635-076d-2da33156fe77,0,4.955666171238092e-06,2.814979240768684e-07,informal_retail,tier_1
6abe2b43-dc24-ccd8-dcdc-d5c41c94c27f,0,0.0790147356239661,0.012028194365847691,gig_rideshare,tier_3
42f80ab6-fe91-a745-0a94-80afcbe4f082,0,0.019147106732013874,0.002405103483213649,gig_delivery,tier_2
31aa9962-9fd7-2788-8d25-1b7a3ed3023e,0,9.222511201493631e-06,5.553044043668258e-07,freelance_digital,tier_1
34a627f2-4d9c-142f-59e3-23ee4857d279,0,0.0008835201732309976,8.168918894666651e-05,small_trader,tier_2
5d1b7cb0-d3e8-0cf0-5432-bfe9b5341571,0,0.0019129332314642498,0.0001903550748299766,small_trader,tier_2
51007157-be0d-7e7f-f104-a15df648470a,0,0.009126294519976116,0.0010589879491362578,informal_retail,tier_2
56629a8f-bc65-1360-ea29-ad93d86bbefc,0,0.000593643075761752,5.286240046251371e-05,small_trader,tier_1
22680c88-bb94-7aba-5d55-99be8d3322c4,0,0.10053938545574478,0.01600033041374116,gig_delivery,tier_1
182129bc-ad74-a058-17d3-7915e57f5009,0,0.3912391536354343,0.09923282492988136,informal_retail,tier_1
452f4aa3-3c5d-8652-416c-5947b8134e84,0,0.05339232013702803,0.007636451540866316,gig_rideshare,tier_2
0217b81c-90cd-454d-f43f-44967c252b1d,0,0.13067813804394662,0.02198958377688243,gig_rideshare,tier_2
600e4aaa-674f-48d2-e957-81afede6ec5e,0,3.949666100763519e-05,2.7259694898957174e-06,freelance_digital,tier_1
35a9f27f-aa8a-db70-28ff-97bc0faf9288,0,5.818225972616386e-06,3.355073921845562e-07,freelance_digital,tier_1
791e4ef3-ae77-0fc0-fee4-39f962461ca9,0,0.06800866894492981,0.010096023000439288,gig_rideshare,tier_2
36a8c437-8a6e-681d-8c10-829bb081e1fc,0,0.0015152416393602853,0.00014746194982036533,gig_rideshare,tier_1
6b508686-25f4-0dc0-367e-b3c1955a7b73,0,0.00024569333334950014,2.0133505960996802e-05,small_trader,tier_2
29a1efe7-ccfb-db91-ba00-fc738a987d0d,0,0.00034406928269090146,2.910286602392435e-05,freelance_digital,tier_2
ed6607f9-1902-6c17-121d-4e80dc37f060,0,1.0760495274709034e-05,6.573535672797008e-07,small_trader,tier_1
ae184dd4-7fd0-07f5-6e49-3240ee55ad53,1,0.9955637097466146,0.9852139349791966,daily_wage_labor,tier_2
f7f87838-6d5e-0986-f5db-334bc47217bb,0,0.0025003544878794428,0.00025528704379432546,gig_delivery,tier_1
8c06a729-e6b5-4e2b-9916-fc04fbbda85f,0,0.0022063309158759647,0.00022257423184999316,small_trader,tier_2
63ca4131-f2b1-bd95-9049-8fb0c38c79f1,0,0.001167431552646452,0.00011082944303158313,small_trader,tier_1
0efb5a05-f987-ec07-3c52-3d41499c82ce,0,0.002254098995964775,0.00022786120047877303,informal_retail,tier_2
37184b3a-887a-679d-02d2-f01f32a7d84e,0,8.155531233801175e-05,6.025229850352152e-06,informal_retail,tier_2
a31c4bb3-ca99-0fea-1ae2-5a116f3e340d,0,0.008927705228578078,0.0010336079240659596,gig_rideshare,tier_1
19fb19f2-9c3a-5820-a33e-8c3060e35d33,0,0.13995978601947842,0.023935761156768664,gig_rideshare,tier_2
89ff5996-5112-51aa-b362-f18bca1c27c8,0,0.004358946983634566,0.00046972870285327904,small_trader,tier_3
5bf373b6-5cd6-b340-3cdc-0de72ce56bb3,0,0.685218363260611,0.29497146102021854,gig_delivery,tier_3
e5743a87-3fa0-9e61-4971-73a5c880372f,0,0.15864937117541517,0.02800351005624358,informal_retail,tier_1
c2ec89a7-1c39-2932-8450-34deb37a5eb3,0,0.0010402745685398182,9.76828373666543e-05,informal_retail,tier_1
943ecb5f-9dc7-5d06-6705-f1a097f4a264,0,0.002535964132179615,0.00025927563161080446,small_trader,tier_1
4cfb7f12-7e21-f42f-3b4f-7af76bd496cb,0,0.34657862277513746,0.08197596823665043,gig_delivery,tier_3
9644717d-c27f-7452-a941-660ef4a6e643,0,0.05482425971646801,0.007871907742863954,informal_retail,tier_2
65af4023-9709-79ea-cb2d-24678d340744,0,0.4482045093592994,0.12459377136719473,daily_wage_labor,tier_1
8fb9cfd4-4390-3f61-8994-15c2bb7fba5a,0,0.2944456800257893,0.06427990818894477,daily_wage_labor,tier_2
74d33f7d-9150-78b0-4e30-b1e51535f931,1,0.5347775609221049,0.17224673783978656,gig_rideshare,tier_1
6195d594-1ff4-4928-5c4f-82a269e159cb,0,0.35625752891627277,0.08554031291131205,daily_wage_labor,tier_2
9da99df4-dc79-5159-f03a-f282b1ac7eb6,0,0.002084559216789364,0.00020914772294301662,freelance_digital,tier_2
28dc488c-c423-6339-dfbd-a0376b35b352,0,5.911629804190567e-05,4.237485765653556e-06,freelance_digital,tier_2
3b094a68-2dcd-4cdd-3547-8232b922cc1f,0,0.09852376315369817,0.015617594046906807,daily_wage_labor,tier_2
96dc534e-146d-d2e0-bcb9-63e436c273a8,0,2.677918442921549e-06,1.4357927473356916e-07,small_trader,tier_1
de7aba1f-9d90-3d7a-92d5-cc13902e1e24,0,0.001470603270756463,0.00014271055278001617,gig_rideshare,tier_2
98079696-5340-d799-0d59-fe552443ca43,0,0.08155877285598523,0.012484398507144669,informal_retail,tier_2
31ead6e9-3324-bc7f-acab-fa3236661342,0,2.0151159576070017e-05,1.3056689961504549e-06,small_trader,tier_1
0e7c05a3-a9b5-5f40-5202-de6c2fc02615,0,0.22600650902795483,0.04441770497058711,gig_rideshare,tier_3
fee57988-581a-80b2-2c51-7a20ee5bbeab,1,0.9960003557008076,0.9867835310092022,daily_wage_labor,tier_3
a7e98ddf-b77d-d2e0-731e-cd9e7b38c496,1,0.9835369126653684,0.9400010964776051,daily_wage_labor,tier_3
06e3a63d-fd0c-2ba9-1278-ffd023d9a9e5,0,0.0361835614781844,0.0049057695598839195,gig_rideshare,tier_2
26487f5d-8498-906c-c39d-a1d7188a49b5,0,2.0049668994290538e-05,1.298477672647851e-06,freelance_digital,tier_1
ef825ec7-be16-bbfe-b88b-af5ac4243416,0,0.0031071731913489787,0.00032397001846418643,gig_rideshare,tier_2
a5f62798-d0d9-b78e-91e7-852b7946d3d6,0,0.005325532307078892,0.0005853289985359577,gig_delivery,tier_1
aa345bfd-97e8-5ea8-9e66-2d8fa342601a,0,0.7367426715172006,0.3551356826420212,daily_wage_labor,tier_1
7795e0aa-2e50-2791-cf0c-08dd248b04e5,0,0.001198725690471818,0.00011408664565701093,freelance_digital,tier_2
18930abd-c930-8afb-111e-c55dc7cb4ad8,0,0.002674233604827341,0.00027481479334756377,gig_delivery,tier_1
644b31a5-6323-79da-451f-ef128896c329,0,0.0011039596383057033,0.00010424899596020071,informal_retail,tier_1
c2f2b1a1-f5a7-63d2-8e98-a7040624ca14,0,0.23116150733725313,0.045794957481452826,informal_retail,tier_3
156d366c-0af3-407e-f012-2611e5c72737,0,1.749193867812895e-05,1.1184166526116453e-06,gig_delivery,tier_1
0b4c569a-06cf-e7c9-1970-714701d6cda4,1,0.9973933413381937,0.9916971455928952,daily_wage_labor,tier_2
550caac6-7c0a-b6a3-e2ac-3b64a31d52de,0,0.2042846609829235,0.038810267570717684,gig_delivery,tier_3
b80f0ad0-5c6b-dcff-c445-25f5a104c284,0,0.47431585403484655,0.13768307149499245,gig_delivery,tier_2
74eb231e-6569-e7c1-647b-07707bbe429b,0,4.854719891612553e-05,3.4161359306744736e-06,informal_retail,tier_1
204d6615-1617-976c-d0ac-16b64095a922,0,0.0048217814204713876,0.00052478523016677,small_trader,tier_2
4f7954b6-6e09-9aa2-2d0f-69b5fde04247,0,0.1998566427182375,0.037705048061260904,gig_delivery,tier_3
fe9908aa-3cae-157f-5a86-9dec728a9b40,0,0.012384117296329798,0.001483470113277607,gig_rideshare,tier_3
f5928fab-4fa0-8d6a-c71d-b5846bc61c8d,1,0.7675530265982284,0.3975748294328776,daily_wage_labor,tier_1
6b8bce5a-b4c7-ff06-118a-00096389458a,0,0.4121050756976092,0.10805206023418858,gig_delivery,tier_1
4d21f704-32c9-0544-bdd1-3400e0483f55,0,0.00011349555721216233,8.649270786756582e-06,small_trader,tier_2
48a3f8a1-22ab-e090-87db-bc4837ce8137,0,4.30546485747614e-07,4.888312859958913e-08,small_trader,tier_1
9f640d8b-4b1a-2d67-8a93-697e15d3c9df,0,0.07318345714145692,0.010996053187723795,small_trader,tier_3
6a3cfc32-9504-81b7-b9c7-ca8d9912fca6,0,0.14233720155029747,0.02444208819368912,daily_wage_labor,tier_2
28606ba7-b0df-57e3-2c9a-d62e44cfe949,0,0.08691008289360835,0.013455658707068285,gig_rideshare,tier_3
1e0f1568-515f-5cf9-b9a2-b0aadc130e32,0,0.10789999001463825,0.01741689222348626,gig_rideshare,tier_3
11aa51fd-3cc0-0119-275d-b1fee4c7ff98,0,0.009996490077610203,0.0011709100456921008,freelance_digital,tier_2
60b8534f-fe51-c681-d6b1-e1ab1d7dc758,0,0.015839122888757082,0.00194819895130424,informal_retail,tier_3
1f827498-caa0-ee5b-1c13-4998c5e08130,0,1.0380693553122813e-06,5.0922262416170205e-08,freelance_digital,tier_2
76a5ffac-3a8a-c402-2492-c459bfd077b6,1,0.9877873947476459,0.956183626073832,daily_wage_labor,tier_1
44fcedb0-1078-a3d5-0371-9e638ac64cb0,0,0.18940440464310412,0.03514558110019682,gig_rideshare,tier_3
84683878-010a-75a9-cc9a-c04f434dd7ed,0,0.056953892667963864,0.008224331579851118,small_trader,tier_2
282ff2db-33e9-e4d8-6fbe-2f5b0dd900c6,0,0.34799572476309865,0.08249204873188154,gig_delivery,tier_3
802494fd-6e1b-322d-0628-3ad5d3379c09,0,8.011706799399888e-05,5.909093130058936e-06,informal_retail,tier_1
be919e70-cad6-37b1-f30d-d1cf27a0e332,0,0.009304326289070287,0.0010817927859324032,gig_rideshare,tier_1
c800149e-8827-4d32-640d-ad791a19267b,0,1.0598499094069257e-05,6.46536430737224e-07,freelance_digital,tier_3
b01d07dd-5cd7-96fc-90b5-921169b775d6,0,0.012579434383896942,0.0015093679918409574,gig_delivery,tier_1
8db9fde8-3e95-0d59-0cb0-f4d0b0c4b461,0,0.028633806801498296,0.0037698926155925214,freelance_digital,tier_2
aee32150-1e47-eeec-b4aa-a304f89b0e2d,0,0.00740008320895736,0.0008405401753415492,gig_rideshare,tier_2
362f1df9-f317-12b2-90f7-660be85795c4,0,0.0009774314645890584,9.124113321080818e-05,gig_rideshare,tier_1
99cec7c0-f091-e2ce-af6c-63174bdd8016,0,0.0028847568655492647,0.00029862586974783377,gig_rideshare,tier_1
ab0f6116-2652-20e3-5e1f-d272db90d419,0,0.31551375574394136,0.07113930681167722,gig_delivery,tier_3
b545677d-4039-6308-2d0f-5366bea25b7f,0,0.0004264145575317118,3.680443114147808e-05,freelance_digital,tier_1
ecb6d995-a812-0560-f126-bdf54541bf8a,0,0.048585342935068235,0.006855035599158875,freelance_digital,tier_2
302bc0b9-a5c7-3590-0304-4416fda769a9,0,1.3409611751828535e-06,6.737971291575945e-08,freelance_digital,tier_2
3c52d252-32b9-0c33-4af0-44f621b7a59e,0,8.546579428020007e-06,5.109432463624418e-07,freelance_digital,tier_2
bfd38220-5b81-a91c-987c-72c2e86465cb,0,0.008234999560801481,0.0009455732535920891,informal_retail,tier_2
98dcab1e-09c1-af7c-566f-2dd6736f5eb6,0,0.005511248119201241,0.0006078026164463512,gig_rideshare,tier_1
d7c6665a-c48a-0dc1-9933-9e42df61ff62,0,9.070216302942973e-05,6.768214724069829e-06,small_trader,tier_3
0d5686df-d746-a860-cf8f-04690278778d,0,0.2917928656796664,0.06344269628373707,daily_wage_labor,tier_1
da15ba52-b29b-9573-f92a-d1ab65220f7f,0,0.0017463127442312605,0.00017226702865543077,small_trader,tier_1
a9bdde92-0fd5-a5d4-04cc-169ee4d2b6d8,0,0.18217470526633076,0.03341512975818225,gig_rideshare,tier_3
9e6101aa-1f4f-945d-8919-9bddd48d326c,0,0.007571211464456922,0.0008619683678848581,informal_retail,tier_1
2eb525e6-fbe0-0a69-7be5-62d26e04cb94,0,0.6823338211950533,0.2919459632900546,gig_delivery,tier_1
68cf9b5d-ba4c-4ded-025e-7ea7d1525c52,0,0.8419092361184319,0.5267787733582193,gig_delivery,tier_3
27f7c704-2842-faf7-24ab-278ea34af404,1,0.2898561176292371,0.06283511635205305,daily_wage_labor,tier_1
d3d3a204-0468-be6e-c181-8214171e539e,0,0.000960532946443055,8.951560696021684e-05,gig_rideshare,tier_1
c80ac3f2-3efd-d080-132c-f766d5388821,0,0.008459483336001404,0.0009740167296046014,gig_rideshare,tier_2
ae254ee3-b36e-97e0-0dd6-e295d2e2541f,0,0.11943571128337199,0.019696809571188186,gig_delivery,tier_3
c1bda9d4-0fef-ca0f-49b1-d7fc94454c7d,1,0.5144265735501764,0.15988865898927548,gig_delivery,tier_3
47e58e5a-2abc-e70a-955f-6f4dc0bdce47,0,0.026145507363608756,0.0034047615203906334,gig_rideshare,tier_3
8bbd184d-b7a8-13f6-37f9-8796f033a820,1,0.4500919529248899,0.12550675029962224,gig_delivery,tier_3
036e77de-0b03-b30f-d99f-f82a35770a7f,0,3.2376890580995855e-06,1.767111135002127e-07,small_trader,tier_1
38644191-d031-728e-1156-c55f40256ade,0,0.6012404152704901,0.21873840072346298,daily_wage_labor,tier_2
a1043642-7956-f93d-eeb5-4e8233aa5afd,0,0.008724607250828131,0.0010077160789630168,gig_rideshare,tier_1
86e6c483-fd34-daaf-5fe0-9f4f50e1b0b9,0,0.44645643730858686,0.1237526568179022,gig_delivery,tier_3
5bf47dba-0b66-6441-143d-c2387db8a8df,0,0.995673551942068,0.985609869935335,gig_rideshare,tier_3
43ef2e12-91a3-4a2c-ae1b-5e241d19074b,0,0.0003107174723890998,2.6030756004659936e-05,gig_rideshare,tier_1
442a63b4-7098-9a8f-23a7-5f5ea814014e,0,0.004304757256425779,0.00046332038495959694,informal_retail,tier_3
65a9362a-8e1a-4e13-7588-b491d3e72140,0,0.004483075403062402,0.00048443826364391905,gig_rideshare,tier_2
2fd740ed-d5ea-e733-fc07-7e44e2af144a,0,0.016335148352428424,0.0020160051182414513,gig_rideshare,tier_1
d7553907-8aab-86f0-17a2-ed4365808b78,0,0.006786878224302822,0.0007642005624452647,gig_delivery,tier_2
d52068c2-1e58-b885-09b1-ba5e60d09e23,0,0.6178432826108126,0.23205917611423696,gig_rideshare,tier_3
06169cab-de0a-5fe7-61f2-7a8ffb674e7c,0,0.5098590329706508,0.15722092298166077,gig_delivery,tier_1
eb75307a-ed55-cea9-f79d-cea82421ff12,0,0.010724811881614348,0.001265434147823596,informal_retail,tier_1
2cbd9e24-d27c-2cf5-d5e6-29dd7b667b88,0,0.06265051773150764,0.00918006050988581,gig_rideshare,tier_3
3e5ca17c-2b1e-8cf4-63eb-2e8bbace96ba,0,0.00024531360455754193,2.0099464315837906e-05,small_trader,tier_2
42fc0ce4-55fc-e5ed-94bd-74379127668f,0,0.0015217967285049215,0.00014816083615009558,gig_rideshare,tier_2
44bee45b-b20a-dd5d-34c8-daf9e5f1bf95,0,0.14038780973802725,0.024026682165450123,gig_delivery,tier_2
ec978826-2d42-8b85-736d-6f7d37c51e96,0,0.011344364558481888,0.0013464203311172103,gig_delivery,tier_2
9fce101a-67dd-f050-5b13-eba26298c17d,0,0.6170499559349366,0.23140513641307853,daily_wage_labor,tier_1
8e09023f-3156-bd11-59cc-936fc4f17314,0,0.004932763916354528,0.0005380700229536832,gig_rideshare,tier_1
77217444-92f5-bc3e-2c89-1fdddb23307c,0,0.1663801532678889,0.029745431908290272,small_trader,tier_3
6d9cf31a-12de-37d9-5f3b-82154fbe9eb6,0,0.00011650250618445648,8.900258980977628e-06,small_trader,tier_2
bd1b46c4-99e1-b087-ebd0-ccda373abab7,0,0.015494046351303688,0.0019011810362741582,gig_rideshare,tier_2
118fecf7-1b2c-1628-fcd5-a47949531189,0,0.041829156566945226,0.005780841332949245,gig_delivery,tier_3
b1df4af3-44bd-9abf-16bc-a4c920a1fb92,0,0.002683513474655666,0.00027586058530639217,small_trader,tier_1
1f3f1569-3535-ffa7-5027-6298e857a0fe,0,0.5971123426080646,0.21554241190828094,daily_wage_labor,tier_3
6c3c7b32-47f2-205b-72b4-5dd3dc28c331,0,0.892335604124929,0.6436026627255326,gig_delivery,tier_3
4b57740a-eeb2-af17-d421-a2520fc3cc7b,0,0.00044431812460988553,3.8498663100504766e-05,small_trader,tier_3
70e09288-10eb-4b2a-19c3-d20ef327a800,0,0.05777488005665384,0.008360905394619048,gig_delivery,tier_1
b6227aa9-5476-f610-fdc0-6162a7238437,0,0.18354433503123763,0.03374048000444247,daily_wage_labor,tier_1
a9624165-e7c7-a03b-ea24-06c26011988c,0,0.010012063141830528,0.0011729232468787353,gig_delivery,tier_2
ada1a718-5bdf-2ffc-bc6d-b482c7d53665,0,9.629036339831105e-05,7.225663647782294e-06,informal_retail,tier_3
f2fcc3c0-7cce-114e-1f2c-6e713d95f0d2,1,0.992077634651878,0.9723761634384801,gig_delivery,tier_3
50dacbd7-7d50-f666-15bc-e87ab5935886,0,0.003174897504387293,0.0003317236987063213,informal_retail,tier_2
948b4311-67bd-0e2d-4c84-583a02101fb1,0,0.030313863095480894,0.004019092195091221,gig_rideshare,tier_2
d4b6961a-f4e3-fdfc-1e34-642b9de3114f,0,0.0795283204005607,0.012120003616021786,gig_delivery,tier_1
dcac7779-e78a-1f55-818a-3b2593246cc3,1,0.394508565541541,0.10058104654822299,gig_delivery,tier_2
0e1a7646-6ea6-8668-3880-a38b65f56107,0,0.08231341467295973,0.012620410426426379,small_trader,tier_3
310ecead-bb96-3320-dd14-f081e3a2f202,0,0.9697641850444237,0.8880714158739671,gig_delivery,tier_3
597f4c3e-c47d-69da-5057-8c40aba2c984,0,0.010838350751169757,0.001280236568735738,informal_retail,tier_1
6484e3e1-a5e0-5898-19be-b310ff574d85,0,0.4624593501574703,0.1316149648583275,gig_rideshare,tier_3
cd747a6d-0f8b-4584-d0a3-9da3608d2e35,0,0.7377946146375669,0.356497236913142,daily_wage_labor,tier_1
66363e7a-7533-3ec9-9149-2cbee93daa19,0,0.05872329223134859,0.008519167280891794,gig_rideshare,tier_2
dd7ca65e-a5f5-c522-0a00-37139eaea57f,0,0.001284289383737076,0.00012303363943700648,gig_rideshare,tier_2
27ad2841-7dbd-2d28-90c9-ba664901d1fd,0,0.06539623260876559,0.009647391245903945,gig_rideshare,tier_2
10391bf4-50b6-37bc-1dd2-2fefe0290a6a,0,0.0007989515546873594,7.316992734210803e-05,small_trader,tier_3
b84e5921-87e8-2763-b757-f2041643ce72,0,0.12185801200996968,0.020184878108786233,freelance_digital,tier_2
bd450c46-bb09-463e-26bf-dd3b6a008d4f,0,4.2868894505524485e-05,2.9815532507080196e-06,small_trader,tier_1
bbcf1afc-73db-727e-4b9d-d119bdd2b26b,0,0.00021446340157957612,1.7351084408041466e-05,gig_rideshare,tier_1
2f2ed338-eb74-f521-5820-8f65051f004d,0,0.016239725297372207,0.002002940843500856,gig_rideshare,tier_2
1aff701c-61c3-4f11-aa84-bfef603b9f69,0,0.03960807874598392,0.005434057945867382,informal_retail,tier_2
a60b8b7b-2009-7baf-de10-ddc82accc708,0,0.10063814272559284,0.0160191400714842,gig_delivery,tier_2
705deca7-ed1b-f7b9-4353-99040dcb76a0,0,4.633132921719949e-09,4.888312859958913e-08,small_trader,tier_1
d886bdd5-39b6-814f-b2af-6a38e6857e3a,0,2.123424528174492e-05,1.3826219816019947e-06,small_trader,tier_1
5a86c767-3b44-de92-4544-865c67c52cd5,0,0.26921473577851246,0.05654609672440803,gig_delivery,tier_3
35be1194-fed7-5c9c-b2d7-0231cb4be7b8,0,7.614859773650458e-05,5.589668520729208e-06,freelance_digital,tier_2
f5f22bd5-554f-cc44-cd41-7a982a9dcfd2,0,3.280905277482213e-10,4.888312859958913e-08,small_trader,tier_2
d8376af4-ab51-2097-dda2-714a30055f55,0,0.11565212292584874,0.01894094529728173,gig_rideshare,tier_2
82810b39-5201-b91d-3243-da8c0109f1d6,0,0.005874950560644341,0.0006520414064953181,freelance_digital,tier_1
dc193a1a-e116-7018-219b-4c207c21559e,1,0.966100884072013,0.874567370630034,daily_wage_labor,tier_1
6d21bd5e-b764-bd01-4134-3c1419e96888,0,0.9616688697277278,0.8584566345125999,daily_wage_labor,tier_1
71b9ec17-bda4-6f5e-89ba-3f999dc00eb5,0,0.21856887740888817,0.04246242177943706,gig_delivery,tier_2
5199818a-c3c6-eaf8-a0c0-c34701592399,0,0.051327349016178365,0.0072990619102402225,gig_rideshare,tier_1
283484c0-36d0-75ac-aaf6-0971b17baa85,0,0.016056184886569194,0.0019778392777843744,gig_delivery,tier_1
12176279-fb91-f0c4-d2f3-1530fdb37d3a,0,0.015388510121426013,0.001886826852519471,freelance_digital,tier_3
a2c530dd-7edc-da44-fcb1-732e02d326e0,0,0.0010293410971663308,9.655936271311392e-05,gig_delivery,tier_1
c14f4824-761a-a5f4-0c5b-5fb090c3ddff,0,0.004852462754723373,0.000528454722156229,gig_delivery,tier_2
8f28bd2a-bb2b-a35c-42ff-3a7f56a948ca,0,0.1809600054260177,0.03312754457644524,informal_retail,tier_1
d3a4ca8d-c203-8b3e-c456-b70208a1ee8e,0,0.0578124596898142,0.008367166327677436,daily_wage_labor,tier_1
c3470df7-219e-3576-123f-83d72ddd75ec,0,0.009941729845295266,0.001163833741052557,informal_retail,tier_1
cc2485fe-77e7-d69a-3edf-35449dd0e7fa,0,0.14837982033537872,0.025743505448673046,gig_delivery,tier_3
5bda10e9-c453-76dd-877b-ae42d011d0ab,0,0.009729052380342175,0.0011363924802710952,freelance_digital,tier_2
340fdd19-ca5c-7113-be91-ecfee37b8a25,0,0.00015639776301485476,1.2283274217169287e-05,informal_retail,tier_2
7683baa9-cafd-d766-e2bf-552189165549,1,0.887625463748377,0.631442668266146,daily_wage_labor,tier_3
6140dbf3-99c7-4b73-b6b3-f6b912d78e91,1,0.9914784714628488,0.97013236736255,daily_wage_labor,tier_1
c518344f-2b9a-cab5-9c93-c1944efad716,1,0.9972238380269904,0.9911084433019042,daily_wage_labor,tier_2
250eb0d0-03b6-5156-8c80-ccb76e166b46,0,0.01422850498809959,0.0017298579063792286,freelance_digital,tier_1
442a80e8-91f0-fca1-5b98-fd98b095a8e4,1,0.9760013426396061,0.9114046300365425,informal_retail,tier_2
c319760e-8049-9979-d7d7-be249798f748,1,0.3609299106913364,0.08729454576635955,gig_rideshare,tier_3
2d558570-ffe8-5dfb-3758-c58f1a80edc5,0,0.28667947140229155,0.06184517676943992,gig_delivery,tier_1
9a89bf99-366e-54ae-8db5-c1b04183ef24,0,0.06443754306232632,0.009483729271183088,small_trader,tier_3
64d52079-ac4d-fb2b-e0ca-507c99cc7304,0,0.020131047747130308,0.002543053295539402,gig_delivery,tier_2
b5913e46-bde3-5c80-c5a3-a00c0cae3e12,0,0.03347465823092751,0.004493533977027774,informal_retail,tier_1
a63b952b-17ac-8470-31c8-a12b7a6d8a55,0,0.0017189492015723276,0.0001693120840124381,small_trader,tier_1
75af8f37-d0ca-9ad1-52c6-d2bbc0d008de,1,0.33872476557020587,0.07915100656016695,gig_delivery,tier_2
ecbb99ec-edf9-a800-b5da-f5d73d1efc56,0,0.011018889295795121,0.0013038102976838915,gig_rideshare,tier_2
76570812-0ca6-e76c-610d-d1138ee59f76,1,0.6545749546058395,0.26444049912452605,gig_delivery,tier_1
704de41d-c13e-f2f9-39fc-994935a89493,0,0.031506095289320815,0.004197200927024576,gig_delivery,tier_2
dfc9d8ca-4691-3bab-b70f-bb496edf7fcd,0,2.245166223079196e-05,1.4695593628531416e-06,freelance_digital,tier_1
607c1b46-a7c0-bd1c-3569-b6f033e5684e,0,0.002217051789794845,0.00022375985009501274,informal_retail,tier_3
e475db33-b445-fe02-e769-e3d18d6a853d,0,0.00011947966886728744,9.14936195303249e-06,small_trader,tier_1
ed8b954d-6078-bb11-124c-ef779a617db7,0,0.002164035212527805,0.0002179022892567484,gig_rideshare,tier_2
3bdfbefb-e4ab-cc22-db89-b37c63a1b01b,1,0.609543640274216,0.22530497700649788,gig_delivery,tier_3
39478c1f-898c-4a05-d672-3dd5e52d13a6,0,0.007790858349827501,0.0008895484786733607,informal_retail,tier_2
6bf2b067-cd60-2d54-9eed-77b8a8c019e6,0,0.3242303462645668,0.07409034309139109,gig_rideshare,tier_3
b2fc28c1-7b8f-8a5c-4bc0-63102140c577,1,0.6291667599862183,0.24159500490947694,gig_delivery,tier_3
f491a321-1768-c539-a52b-cedbb30cb29c,0,0.017906846939799072,0.002232523225003654,gig_rideshare,tier_1
17313a0a-858f-71ce-30f2-680d0183f97c,0,0.036874825795417676,0.005011773341151788,informal_retail,tier_1
5526aa43-bdec-90c9-267b-182ff6351ae0,0,1.738516169158516e-05,1.110950953838931e-06,informal_retail,tier_2
1a808bf4-e240-01ab-5070-93dfc15ccc3a,0,0.13832181008146982,0.023588779997574652,gig_delivery,tier_1
bf7d373a-23cc-0520-9028-1813bd4bf683,0,0.00820743220051779,0.0009420860891830928,small_trader,tier_2
cb717a43-42df-80b9-6a06-392d0958300e,0,0.14451313113353928,0.024908321643028357,gig_delivery,tier_1
1e719842-3859-c221-b370-afd0c03bda21,0,0.05745620589197951,0.008307846075718179,gig_delivery,tier_3
8bc5b248-e682-3be7-0937-77c1cbf05c71,0,0.13664216922260136,0.02323454822003807,gig_delivery,tier_2
65e2885c-9cf9-b0ff-0b66-8773ebe439d7,0,0.008360773932998309,0.0009614993432996149,small_trader,tier_2
26966e79-9765-3611-4d89-89ded403c6e5,0,0.05274440155081219,0.007530314762149017,gig_delivery,tier_2
66095994-db15-d09d-eeaf-403eda8e889c,0,0.008339064133377903,0.0009587484748801882,gig_rideshare,tier_3
ad801a34-1330-3d09-8d0e-b9a6c0868949,0,0.07133206887065244,0.010672321024683816,gig_delivery,tier_2
5f7aaf75-f8ab-4404-f96c-99b69460ceff,0,0.15456759976612924,0.027097920293123055,informal_retail,tier_3
ad51b666-77c8-7212-db81-7dc86ec4bdf6,0,0.00033823305875776944,2.856316482634608e-05,small_trader,tier_3
d667bdd1-e2af-3c83-53c3-aebf4e74ab1d,0,0.12279189538506124,0.020373914115004835,gig_delivery,tier_1
dcb2bc72-6673-1cd9-8c3a-49a90716e266,0,0.0002601681995066775,2.1434774963922175e-05,freelance_digital,tier_1
07356f06-9703-7243-9f4c-d07442cf53c4,0,0.3878214815611721,0.09783644618095733,daily_wage_labor,tier_1
a9195f2d-56ff-114f-f3e6-496870b970e0,0,0.6818084837300801,0.29139850283719376,daily_wage_labor,tier_2
8b0adcbf-7306-7344-9f8d-2cf1e1f60e70,0,0.061760541992328055,0.009029510507892533,gig_rideshare,tier_2
56ee4ce5-7c03-5b3c-860d-2c7869e89b80,0,1.0688801118131458e-05,6.525643612992304e-07,informal_retail,tier_1
5f394c05-5b69-b253-46ec-d3be4dfd4dee,0,0.6389261613622825,0.250124947320326,gig_delivery,tier_3
0e8e73dc-a2e8-e428-938d-59908e50807c,0,0.0014150604423863865,0.0001368179305821614,gig_rideshare,tier_1
629d2169-2a56-9661-f721-3ef40a6cd2a2,0,0.04742650225846883,0.006668760789878026,gig_delivery,tier_3
a9d802b8-4fd4-305c-6333-af71d2a2d445,1,0.24524235251076043,0.049651105212521605,gig_rideshare,tier_2
cd594116-6315-e77d-476a-c79937210349,0,0.007858065614248741,0.0008980043399154029,informal_retail,tier_2
201d4971-8e4c-7e30-9d9e-900ea9b4075e,0,0.00012581186772127835,9.681112691864317e-06,freelance_digital,tier_1
d641c957-16e3-b4ce-605e-4f26abae1691,0,0.05399040873699271,0.007734647945474047,gig_rideshare,tier_2
e5700a1f-92cd-575f-a958-215ad3a26984,0,0.009044810557683632,0.0010485667041113787,informal_retail,tier_3
fd2a4c10-2040-fd93-1c53-d5ebdf062c32,0,0.0007505192393047779,6.832901263216286e-05,gig_rideshare,tier_1
a0091e37-6464-4fe9-9f01-90004cb2beec,0,0.6109989368178271,0.22647531234972373,gig_delivery,tier_2
9cdd0acc-765a-560a-416c-a43dd9a81bd7,0,0.43350639312184686,0.1176520183335308,gig_delivery,tier_2
67f8ad4a-4a56-a48a-3a25-b2fb3487a741,0,0.005414896693654829,0.0005961330607393,freelance_digital,tier_1
5f8ebbc8-10c4-3db1-d19d-c7f6a838cd21,0,0.5807734393209921,0.20332104096978965,gig_delivery,tier_2
acfbaffb-f220-5788-924c-6ce20241e0f2,0,0.0016174166337226863,0.00015838812675349193,small_trader,tier_2
b45549cf-8541-21d1-8ed6-dc4603a2f334,1,0.9979516216094633,0.9936128727518557,daily_wage_labor,tier_3
9a3e17f9-593e-146a-a6e9-cfb10948215c,0,0.0003600880363836057,3.0588600184997634e-05,small_trader,tier_2
9f2d3af1-cfed-1cb5-378d-2d49dcd36e3f,1,0.8451673043392117,0.5335047822280387,gig_delivery,tier_1
9f2697f1-f2c0-19fb-4cf6-39fe7b46624c,0,0.11265088307127041,0.018346987818377812,freelance_digital,tier_3
d4e946ce-984f-cbce-86a0-d773ffba4516,0,0.0001284162609413159,9.90055750382581e-06,informal_retail,tier_1
ec222ffa-6b84-ee2e-c001-c87343e3b1cd,0,0.4461699432829541,0.12361521136619137,daily_wage_labor,tier_3
46f69b23-8e4c-6122-a9b8-c6a319c1b8ab,0,0.043635737601211595,0.006065258206257201,informal_retail,tier_2
e2942647-bf8a-dca8-b4b6-ed22ef470b7c,0,0.02265523902202556,0.0029009497201200702,informal_retail,tier_1
2174f200-56a9-5eb0-6750-c16fae27ef41,0,0.7950496329182516,0.4404401490402443,gig_delivery,tier_2
17cb2c41-6490-7489-26c0-8d8dae5daea5,0,0.4036366235555953,0.10441071604294055,gig_delivery,tier_1
071e3f61-aa31-07da-bd14-5c136835d695,0,0.04253485719701757,0.005891693648063571,informal_retail,tier_3
4d11fe2a-d69f-29f3-1b50-02cc27c24e41,0,0.1003982033606812,0.015973449644168893,informal_retail,tier_3
b35d31c3-07d7-3f04-f53a-fbb403ff5be4,0,0.027737526714411053,0.00363782110053944,gig_delivery,tier_2
51082acb-2489-fd84-8ba2-55c35493febf,0,0.00021305088975158768,1.7226098585492818e-05,small_trader,tier_2
157f5b7e-a65b-fa7d-e1de-7fdc64ec1497,0,0.38092136448952246,0.09505702547061004,gig_delivery,tier_2
d2dd24cd-7be2-922d-82fa-ce028da9101f,0,0.599514650557302,0.21739683568982304,daily_wage_labor,tier_2
b8ac4bd9-23f4-981d-42b4-6a6bc8ca4419,0,6.313105438277922e-09,4.888312859958913e-08,gig_rideshare,tier_1
fafcd892-0419-f6ee-ef7b-6969c8321fad,0,0.5970433540385955,0.21548938050045452,daily_wage_labor,tier_3
ec425112-6708-e98c-3925-0c3d03e137ef,0,0.15362355468571193,0.026889851967142074,gig_delivery,tier_1
7a02037f-37b2-51ab-7d56-3836dcc74c89,0,0.289797970817016,0.06281692238925521,gig_rideshare,tier_1
11e15c54-259e-b6d8-393e-d6e4b2da4ccb,0,0.006222191993738864,0.000694546890727481,gig_delivery,tier_1
382174e7-6cab-2712-6adb-719e92732b63,0,0.050898563517383,0.007229325522660318,gig_delivery,tier_3
799fb426-3e5b-b3f7-2793-44a752db1178,1,0.32662474655051643,0.07491295963200095,informal_retail,tier_3
484017a6-41bf-4816-f076-7f3afd1d0296,0,0.0017075664607339835,0.00016808422015455148,gig_rideshare,tier_1
b4aacf4f-7830-2174-d274-899262c50127,0,0.015130321724528797,0.0018517610209118137,small_trader,tier_1
04321c23-759c-bf0f-d7cb-b7b49f402822,0,0.09989644675308398,0.015878004533447822,gig_rideshare,tier_3
0064537f-2ee1-a849-0b78-a71b3def13f8,0,0.015288068927623912,0.0018731768351054581,gig_rideshare,tier_2
903c4817-cfa5-dcc2-6b8c-7da2ddafcff2,1,0.7988541802688206,0.44678764052010356,gig_delivery,tier_3
16dac7a2-0ba7-71ce-f9b1-2505224e5889,0,0.03242009134526839,0.0043344425138258915,small_trader,tier_3
08576cb8-2ed8-1136-4606-f7c9242e6f5b,0,0.6607135642289247,0.27028207304259655,gig_delivery,tier_3
ffa547d5-a1cf-3a22-5b9b-b26242a5c0ce,0,0.00023755553704508795,1.940507239465145e-05,gig_delivery,tier_1
db281184-d4fb-122b-9f31-9946f70bb7ef,0,0.00480269446053147,0.0005225036370237749,small_trader,tier_2
23ffe8b6-3842-d5ba-25c7-7ccda325a9a3,0,0.07924360561258673,0.012069089506946346,informal_retail,tier_3
874101a3-e572-bfa7-3995-86145caf6ab5,0,0.015283398949399493,0.001872542448375873,informal_retail,tier_1
f165f0a1-716c-9f8a-4288-aff1ef10d09e,1,0.9940623849602498,0.9797409624161733,daily_wage_labor,tier_3
0aa56010-d1ae-7131-4d6f-f3b04c717c75,0,0.3857274310929142,0.09698735615578352,daily_wage_labor,tier_2
c4e77a23-0d00-8b09-d5f6-7e8abbe63ecd,0,0.0026994736085989893,0.0002776600431377627,gig_rideshare,tier_3
cdce4385-e891-d72a-bcc2-2f9870db5914,0,0.9544246324522772,0.8327040527862299,informal_retail,tier_2
f0b84290-b167-0a59-0627-730f9064515d,0,0.0025964044281162404,0.0002660580785267362,gig_rideshare,tier_1
445ce492-6bc1-0a62-fbc2-7ca496b7f658,0,0.32734906562252697,0.0751628359335468,daily_wage_labor,tier_2
e791b8f9-a1b7-7ba3-bb24-2551246b137a,0,0.01928442014809578,0.0024243007610429707,gig_delivery,tier_1
9827354f-0851-790f-6849-8661b1426df7,0,2.986517841823897e-07,4.888312859958913e-08,gig_rideshare,tier_1
75f0b2ce-8a15-f3ae-45f8-b385e9b4e5ef,0,0.11586884420207444,0.01898402738963036,informal_retail,tier_3
381437b0-80b5-8700-384c-ce937e6eeaa8,1,0.9876660916715353,0.955722764405118,daily_wage_labor,tier_1
60c14729-2f92-c848-608b-1dd84c408860,1,0.9642091195559834,0.8676591013288518,daily_wage_labor,tier_3
36203999-fc4d-84e4-d905-fe3519ee198b,0,0.01896707668183109,0.0023799611258637607,gig_delivery,tier_1
f61aef38-809a-927c-3b0e-09d4769d13e9,1,0.6190050329631142,0.2330202194081531,daily_wage_labor,tier_2
2e1097bf-3967-485f-b8e1-43ae9d0430b2,0,0.004261761322678285,0.00045824165021526696,gig_rideshare,tier_3
0706d0d3-5b33-5b61-a0bd-e697ea267b97,0,0.08846753394565159,0.013741293130251709,daily_wage_labor,tier_2
92327011-017f-e0ce-20be-91f414192149,0,0.04470875716248571,0.006235171424514969,informal_retail,tier_3
1487fd77-0379-4fa7-02da-28f612a93605,0,0.0016538769005475997,0.00016230347364864164,small_trader,tier_3
f5b05711-d955-aee0-3a6c-78ced31c4b54,0,0.0066345941839953205,0.0007453536630199354,freelance_digital,tier_2
69fb6b09-5474-a69a-fc14-7eb65e7d958b,0,0.38997641628840674,0.09871536335516093,freelance_digital,tier_3
ac4f9633-4c73-9267-c073-12fd605c77ef,0,0.06917670423386418,0.01029785852294749,gig_delivery,tier_1
d6f127b3-9352-0e43-4fe5-8b4aba220748,0,0.44494113731263557,0.12302698359358641,daily_wage_labor,tier_2
367ebd5f-f6f3-4f78-dc7e-90395c0a0c12,0,0.5552623264271991,0.18551578279655784,gig_delivery,tier_1
87af3f54-4c7e-4c8e-2a0c-4fe0bb7d67e9,0,0.09681962909809458,0.015295739026915478,informal_retail,tier_3
b27bda1b-e79e-872a-a84d-065764b3ca53,0,0.7543502548660704,0.3787196180414427,daily_wage_labor,tier_2
09a9ca9f-42d2-4408-4c0e-95ac3c57b46d,0,0.013104512917171159,0.001579222657314356,gig_delivery,tier_2
351bca77-bcaa-1834-6a0f-154edf3d68e7,1,0.6474776558218852,0.2578475479985189,gig_delivery,tier_3
e4d0836b-ba78-afe6-7e0a-bff83cd4709b,0,0.005044418069476286,0.0005514663217583214,gig_delivery,tier_1
fb2bbcb0-8770-fda3-96c9-425b7d480e65,0,0.002855118565211612,0.0002952629303182908,informal_retail,tier_3
db3d1228-8950-4a8c-372d-d52b3f7bbfbc,0,5.9081560696933035e-05,4.2347620977351345e-06,informal_retail,tier_1
2c334735-1329-9228-fd88-c1fd1d3cab51,0,0.001073802275695463,0.00010113500575677575,gig_rideshare,tier_1
a3621ef1-16a7-4cd1-47ef-54ebd9bb55d8,0,6.105614960158348e-08,4.888312859958913e-08,freelance_digital,tier_2
da6d2cd8-4b11-e792-c17e-2f7fd427e07c,1,0.8738461550587385,0.597433192095176,daily_wage_labor,tier_1
68cdf70d-b8de-b267-cdda-d4c3a1db2223,1,0.9977348720178665,0.992873664520423,daily_wage_labor,tier_2
1b06978f-b24c-a860-029b-72d7eb6a20c1,0,0.15391867211722768,0.02695484057524659,gig_delivery,tier_3
2bc2676d-a123-b353-12b9-116aefa2cc8b,0,0.05161173466029563,0.007345374742098563,informal_retail,tier_3
8e13150a-138d-450f-4ed1-b4bdd9ab4b9b,0,0.0024871093560359307,0.0002538048977162394,gig_rideshare,tier_1
48d7b27f-1b23-7d51-298a-9c3367314257,1,0.9980069568553754,0.9938005671043038,daily_wage_labor,tier_1
2bab861a-5882-8e15-f196-371f5e1050b5,0,2.3799136075431898e-05,1.5663008549985014e-06,freelance_digital,tier_1
d5eaaa1f-714f-2100-8beb-c7f4d8c110b7,0,0.13334831487088397,0.022544500534683508,gig_delivery,tier_2
b26b3b34-bddd-b6fe-c031-905551218fb7,0,0.9637449711587267,0.8659712371438065,gig_delivery,tier_1
155130ee-438a-3458-e16d-ef5499a062fc,0,0.006130643122993313,0.0006833156792540003,informal_retail,tier_1
fd91b334-5631-58ee-9653-81e104049c12,0,0.06103942494994511,0.008907859461618988,freelance_digital,tier_3
d366f76e-8395-1422-7632-35465655d9f5,0,0.0051756871305131385,0.0005672551740969915,informal_retail,tier_3
58d1490a-70f5-dc12-481d-4939b486d44d,0,0.06040218504570108,0.008800608201324464,freelance_digital,tier_3
8a88f0f1-38bd-f8fb-6e4d-bdd4ee36bb13,0,0.24248475639823372,0.048884897356436155,gig_delivery,tier_1
174fea55-b6f2-242f-8a9a-a150d6e5da3c,0,0.011927004429195268,0.001423046888297813,informal_retail,tier_2
27954675-55c7-8f3b-7e5d-84a6cb1b3d20,0,0.0007254702177223938,6.583684419984813e-05,small_trader,tier_1
e5e7ea88-12fe-ba43-1258-5728d30fb7ac,0,0.005042637615507486,0.0005512524604754459,gig_rideshare,tier_1
b8feb878-5675-9d51-6d1f-204e29fb5313,0,0.14686550628525655,0.025415401962487975,gig_delivery,tier_2
477073b3-6151-8e2d-a11c-a8fd91670224,0,0.07594777379438271,0.011482982458644984,freelance_digital,tier_3
298e2a85-fb6f-5088-7c8a-154646f18f2b,1,0.7817726169148815,0.4191034081699962,daily_wage_labor,tier_2
a84dde15-e8ac-237c-8bd1-2eab2ac85cb2,0,0.3226341750706748,0.07354485561596014,gig_rideshare,tier_1
23bd5d18-411a-90ef-0480-00358a9ca9c7,0,5.910331791330855e-07,4.888312859958913e-08,small_trader,tier_2
9626c4d2-71c8-4299-dbb4-872389cfcd8c,0,0.12280865872790107,0.020377311757886367,freelance_digital,tier_3
8933b5ba-bd92-419e-dcba-750148009aa3,0,1.5805107768961038e-11,4.888312859958913e-08,freelance_digital,tier_1
59ea832d-52ed-40c6-a2cb-ea280d8716a0,0,3.6810858266887155e-06,2.0334537687346865e-07,small_trader,tier_3
03ea1887-5416-9331-77e0-a196e302a239,0,0.10533833379188767,0.01692052941041491,daily_wage_labor,tier_1
29587cf6-9b10-a431-3c12-b27c3d3c083d,0,7.843408271846658e-06,4.651431563509815e-07,freelance_digital,tier_1
4d0e6d4b-770d-615c-b610-f0f54b1055ef,0,0.21870271628560845,0.042497278221220146,gig_rideshare,tier_3
72ecbf0b-0e54-d7ef-0279-44ea04c2efd5,0,6.703055904417293e-05,4.861793782893503e-06,informal_retail,tier_1
a4c6e0e9-dc4d-2eb1-bf0a-f2632a6a39e3,0,0.05564224286771612,0.008006955861236615,gig_delivery,tier_2
5a016ce3-a9dc-270d-a5c5-967bd0ec1f5a,0,0.0002866421625108789,2.3832230775261763e-05,small_trader,tier_1
99d347ff-63f1-2d2c-4a03-90e9b320701c,0,0.7136147324191211,0.3266153012237355,gig_rideshare,tier_2
b3b90ca7-59d0-00b8-211b-9d6de7592e90,0,5.528845335878754e-07,4.888312859958913e-08,small_trader,tier_2
bd88913a-992c-9c71-1e02-4791e5465bca,1,0.8922735390130169,0.6434406018586973,gig_delivery,tier_3
23c57ea2-c56c-462e-331b-fb8bde168e16,0,0.6915096640261895,0.3016864539076595,gig_delivery,tier_3
97d3450c-3bb8-d806-d1f9-7eee67ffa059,0,0.00038330319956740924,3.275284682072511e-05,gig_rideshare,tier_2
0c4d04f0-d40a-9d1b-d90e-c5e32bfdb5ed,0,0.1645349915089787,0.0293264732285123,daily_wage_labor,tier_1
b71996a5-168f-c1e8-16c9-8dc56a4247ad,0,0.20315288350190194,0.038526582222055274,informal_retail,tier_1
3a087375-7ad8-aeac-daff-dd1d1305e38c,0,0.07014705341618468,0.010466118947803624,gig_delivery,tier_2
7d62ab1c-075a-27b2-5257-62ef888c057c,0,0.10838408634032472,0.01751109807864749,gig_rideshare,tier_2
e2698970-74a6-43d8-8fc9-b2d271113859,1,0.8838639579466592,0.6219308747990805,daily_wage_labor,tier_1
ae9bc7cb-46f0-f738-27b9-6ffca630f120,0,0.04181497475090454,0.005778616922302112,gig_delivery,tier_3
007992f0-8817-5f2e-3292-40f4a6894bdd,0,0.0007781961330805937,7.109185128390994e-05,informal_retail,tier_1
db5c3511-a88d-2909-22d4-71bb66931718,0,0.16864213846383355,0.03026179009895793,gig_delivery,tier_1
b9035172-88d5-5a09-6a5a-32caf302d3dc,1,0.9655750897553862,0.8726426900752492,gig_delivery,tier_3
318e0b52-8f44-b26f-c384-43b6359af02f,0,0.027087009123407883,0.003542351044699228,gig_delivery,tier_2
508a457c-564f-a104-41c1-632cdb997dad,0,0.009261865865722297,0.001076349419493897,gig_delivery,tier_2
0a84b0e2-6dd8-36fe-d133-010498ee3177,0,0.001604294212286866,0.00015698103476718267,informal_retail,tier_1
2b48eebf-cb7c-9f38-9352-abba7cd858ca,0,0.06797923500617545,0.010090946793139278,gig_delivery,tier_2
4ad3209d-87b5-0ccd-2eea-1aab65647c4c,0,0.12156393422563486,0.020125451188137425,gig_delivery,tier_2
6e281972-cec3-0a06-33ed-18a5052d58f8,0,0.0027228092899735396,0.00028029296463834844,informal_retail,tier_1
6b83b0b2-6c8e-6c50-7fb5-09864ac53462,0,0.007953506124237305,0.0009100259102351976,gig_rideshare,tier_2
e40b4b04-99a6-62cc-f08a-b80cfef188c8,0,4.0256434469720484e-11,4.888312859958913e-08,gig_rideshare,tier_1
d4d8da9c-ba52-8b63-e8b4-cff1f60d8640,0,0.002508330670949982,0.0002561799616371838,gig_delivery,tier_1
9b39d559-73af-4f9a-2f0e-f1fe4e06dc64,0,0.00016088700372147625,1.2669503331029044e-05,freelance_digital,tier_1
274c8602-dfa0-06e9-912e-876fd1d11157,0,0.07086730437972073,0.010591354325039685,gig_rideshare,tier_1
0a93df75-b128-427f-4952-ac75b4fdc5d7,0,0.03896428126443852,0.005334144108959665,gig_delivery,tier_1
de3e8022-9120-ddac-2dd2-78d9b81ba6ad,0,0.08801366823734282,0.013657917306087976,freelance_digital,tier_3
1c9c6bff-0ee4-dc22-6f1b-f02d05f168c0,0,0.016533511804936497,0.0020431931387729575,informal_retail,tier_2
44b28fa2-af0d-8399-53b8-4386afdcdfa5,0,0.0025734620784818424,0.0002634816962310792,informal_retail,tier_1
fa2d1a68-ee80-ccd2-ce16-40d5f3a23bb9,0,6.912627486097303e-05,5.028311013819468e-06,small_trader,tier_2
eb4e23aa-3b7e-98bf-dc49-e03ad0311de4,1,0.9760705930774883,0.91166577725738,daily_wage_labor,tier_1
ea3ea551-f44e-6f53-7038-175f3a1d7d5a,0,1.1948778475124243e-09,4.888312859958913e-08,small_trader,tier_2
9d415524-1e6b-c8be-aa02-44714b7cf0f2,0,0.09198584671377288,0.014391444448596778,informal_retail,tier_3
ed911bf7-0b5a-7b4d-30f2-3b8db698fdfd,0,0.007482685844099354,0.0008508768522474353,gig_delivery,tier_2
d2b2cae7-4c6f-ae8e-d276-c2e59fcf0825,0,0.07760279100040729,0.011776545675034346,gig_delivery,tier_2
d1ded1a8-80ea-4581-e811-ba97abd41928,0,0.19157664088302043,0.035671847994181896,daily_wage_labor,tier_1
fbdb1951-f697-7fdc-fdd0-a1586e531ad8,0,1.5085645683026669e-05,9.512584205228184e-07,freelance_digital,tier_1
f44f64c3-7dce-ab35-1213-0adc5fe867fb,1,0.9866669000909886,0.9519231961650538,daily_wage_labor,tier_3
80e286c7-2261-26f3-f24e-f1b2e22af063,0,0.41230646393149367,0.1081397132158233,gig_delivery,tier_2
54722a22-c4fd-c69c-3bea-e3b2de9bea6d,0,0.02395469096186792,0.003087346531185234,informal_retail,tier_2
b45a47f9-9560-7e9f-4361-35afb5114163,0,0.003815274687426651,0.0004058185651041964,informal_retail,tier_3
0821decb-c07b-0d8f-7e40-9375d9d06dd2,0,0.005991982755686918,0.0006663384828323273,gig_delivery,tier_1
45d9bf50-95a0-ccce-a244-9887d54cc058,0,1.3542479309731147e-05,8.453475602824875e-07,small_trader,tier_3
55aeaf6b-fc57-9130-9c74-6973f2e674ec,0,0.024616898721833855,0.003182877927973216,gig_rideshare,tier_2
491cd65c-5582-1bff-749c-97158d7a79e8,0,0.0007621298873677014,6.948688102777445e-05,small_trader,tier_1
187a9cc6-f661-fc91-6324-24542219b107,1,0.39217108975411047,0.09961588779929607,daily_wage_labor,tier_1
7bf923b8-41ef-10fb-424c-44a2d16aa7b5,1,0.613558076208215,0.2285476661844772,daily_wage_labor,tier_2
6cc89241-57dc-7a5e-cc0f-4f47d613e6b2,0,0.019995423156561064,0.002523985249926457,informal_retail,tier_1
c0bf6d92-cb96-d2d4-8999-fcfd7ce27e40,0,0.9061263350593314,0.6808626553017959,gig_delivery,tier_2
4e2863b6-76d8-d0f4-b8c8-cdb25e9b25e1,0,0.2836948681300182,0.06092250680866526,gig_rideshare,tier_2
1c4ebee1-241b-f832-effc-9921733d18c4,1,0.9812363543139304,0.9312417013822792,daily_wage_labor,tier_2
7b7b1b4e-e927-fe8c-d45a-e937c02d2d54,0,0.0007438869145447777,6.766836957000062e-05,small_trader,tier_2
84200000-36bc-a792-334a-ca6b8cbfe50b,0,7.247546557121232e-07,4.888312859958913e-08,small_trader,tier_2
70f13410-5c3d-1ec9-1944-3949146524ea,0,0.5836164217398778,0.20539972331190354,small_trader,tier_2
1c3d52b8-8ee7-269e-dd13-17a448fc93de,0,6.018836146004101e-05,4.3216170912957785e-06,freelance_digital,tier_3
8ee38702-6078-cc6e-4d56-6376c6b9c67d,0,8.336053786123312e-06,4.971924610469253e-07,freelance_digital,tier_1
f96d462b-f067-1b89-be8a-212e40eb00a7,0,0.004559523881900915,0.0004935184191794157,gig_rideshare,tier_3
5859edd8-d0f7-8a8a-5a8e-8de9875533ad,0,0.040298166199241064,0.005541458697537213,gig_delivery,tier_1
891b037f-6536-8051-d3ad-a62a467d5e1a,0,6.815031018911721e-14,4.888312859958913e-08,small_trader,tier_1
f81c2c2b-842e-6869-9b26-1f3c64aa89b6,0,9.725372983969107e-06,5.88506904868716e-07,freelance_digital,tier_2
a72c8f4e-600b-b5c4-7837-5e1ac9af5ccb,0,0.0001791718159681256,1.4252864189200333e-05,freelance_digital,tier_1
5a4326c1-3fdb-ee35-b2a4-b8bf0dba58a1,0,0.003096156736122164,0.000322710339385672,small_trader,tier_1
a7fef037-f161-ec36-9e81-be7b724593d1,0,0.02091689817359314,0.0026538691506142174,gig_delivery,tier_1
e480afbe-502b-fc62-f379-c0ac815214c8,0,0.4864448481482566,0.1441159968548028,freelance_digital,tier_2
a0e8e85d-94b9-a30c-cbe7-53d64dc546bc,0,0.01693883076198639,0.002098872829874702,freelance_digital,tier_2
7fd275f6-e23b-15e6-4b6a-a769fdd6c6f7,0,0.00032439189931670725,2.72867519208635e-05,informal_retail,tier_1
93f318ba-db27-32ed-8482-413eb7bef46d,0,0.0007131747774544387,6.461652765320392e-05,small_trader,tier_2
b0c6e7aa-b550-a789-5aaa-b324f1b20dd9,0,0.06429959899615001,0.009460223401465802,gig_rideshare,tier_1
0a0c15c9-9531-f574-e277-96a443572ee1,0,0.00019453337542894297,1.559498092851183e-05,freelance_digital,tier_3
d211c453-a346-a45f-ad5c-19688e71ef71,1,0.6204381292070857,0.2342111047507318,daily_wage_labor,tier_1
505cea12-0821-1c7e-a65e-0dd0564e5405,0,0.0002152783235450918,1.7423227938282895e-05,small_trader,tier_2
c679796f-6351-40e0-7e50-83698548bff8,1,0.9062231408272676,0.6811332089965891,daily_wage_labor,tier_2
67444958-4a73-0838-175f-199e067a69d5,0,0.012994297972957718,0.0015645322480986553,gig_delivery,tier_2
67229b54-5e42-3af8-9d73-2d4cc538265d,1,0.9752406890558393,0.9085388519486453,daily_wage_labor,tier_3
654d4790-9fa4-e841-8802-26d34fa6ab68,0,0.002205992114334411,0.00022253677307323193,gig_rideshare,tier_1
cf4c0d29-17b0-a409-0dbf-cb1cd25bcd49,0,0.0611723863938558,0.008930267245176673,gig_delivery,tier_2
80383092-3a11-3f7e-6815-e6521e92e3cc,0,0.0036601469704946946,0.00038774592499829497,freelance_digital,tier_2
